<?xml version="1.0" encoding="UTF-8"?>
<!-- generated: 2018-05-31T22:47:44+08:00 -->
<!-- generated by: personajian [??] -->
<adag xmlns="http://pegasus.isi.edu/schema/DAX" xmlns:xsi="http://www.w3.org/2001/XMLSchema-instance" xsi:schemaLocation="http://pegasus.isi.edu/schema/DAX http://pegasus.isi.edu/schema/dax-2.1.xsd" version="2.1" count="1" index="0" name="test" jobCount="30" fileCount="0" childCount="28">
<!-- part 1: list of all referenced files (may be empty) -->
<!-- part 2: definition of all jobs (at least one) -->
  <job id="ID00000" namespace="CyberShake" name="ZipPSA" version="1.0" runtime="0.18">
  </job>
  <job id="ID00001" namespace="CyberShake" name="ZipSeis" version="1.0" runtime="0.21">
  </job>
  <job id="ID00002" namespace="CyberShake" name="ExtractSGT" version="1.0" runtime="147.50">
  </job>
  <job id="ID00003" namespace="CyberShake" name="SeismogramSynthesis" version="1.0" runtime="53.03">
  </job>
  <job id="ID00004" namespace="CyberShake" name="PeakValCalcOkaya" version="1.0" runtime="1.28">
  </job>
  <job id="ID00005" namespace="CyberShake" name="SeismogramSynthesis" version="1.0" runtime="39.21">
  </job>
  <job id="ID00006" namespace="CyberShake" name="PeakValCalcOkaya" version="1.0" runtime="0.78">
  </job>
  <job id="ID00007" namespace="CyberShake" name="SeismogramSynthesis" version="1.0" runtime="49.88">
  </job>
  <job id="ID00008" namespace="CyberShake" name="PeakValCalcOkaya" version="1.0" runtime="1.40">
  </job>
  <job id="ID00009" namespace="CyberShake" name="SeismogramSynthesis" version="1.0" runtime="60.94">
  </job>
  <job id="ID00010" namespace="CyberShake" name="PeakValCalcOkaya" version="1.0" runtime="0.55">
  </job>
  <job id="ID00011" namespace="CyberShake" name="SeismogramSynthesis" version="1.0" runtime="25.62">
  </job>
  <job id="ID00012" namespace="CyberShake" name="PeakValCalcOkaya" version="1.0" runtime="1.59">
  </job>
  <job id="ID00013" namespace="CyberShake" name="ExtractSGT" version="1.0" runtime="89.75">
  </job>
  <job id="ID00014" namespace="CyberShake" name="SeismogramSynthesis" version="1.0" runtime="55.23">
  </job>
  <job id="ID00015" namespace="CyberShake" name="PeakValCalcOkaya" version="1.0" runtime="1.43">
  </job>
  <job id="ID00016" namespace="CyberShake" name="SeismogramSynthesis" version="1.0" runtime="50.67">
  </job>
  <job id="ID00017" namespace="CyberShake" name="PeakValCalcOkaya" version="1.0" runtime="1.49">
  </job>
  <job id="ID00018" namespace="CyberShake" name="SeismogramSynthesis" version="1.0" runtime="33.39">
  </job>
  <job id="ID00019" namespace="CyberShake" name="PeakValCalcOkaya" version="1.0" runtime="1.63">
  </job>
  <job id="ID00020" namespace="CyberShake" name="SeismogramSynthesis" version="1.0" runtime="41.92">
  </job>
  <job id="ID00021" namespace="CyberShake" name="PeakValCalcOkaya" version="1.0" runtime="1.56">
  </job>
  <job id="ID00022" namespace="CyberShake" name="SeismogramSynthesis" version="1.0" runtime="38.49">
  </job>
  <job id="ID00023" namespace="CyberShake" name="PeakValCalcOkaya" version="1.0" runtime="0.76">
  </job>
  <job id="ID00024" namespace="CyberShake" name="SeismogramSynthesis" version="1.0" runtime="22.08">
  </job>
  <job id="ID00025" namespace="CyberShake" name="PeakValCalcOkaya" version="1.0" runtime="0.99">
  </job>
  <job id="ID00026" namespace="CyberShake" name="SeismogramSynthesis" version="1.0" runtime="35.43">
  </job>
  <job id="ID00027" namespace="CyberShake" name="PeakValCalcOkaya" version="1.0" runtime="1.50">
  </job>
  <job id="ID00028" namespace="CyberShake" name="SeismogramSynthesis" version="1.0" runtime="28.87">
  </job>
  <job id="ID00029" namespace="CyberShake" name="PeakValCalcOkaya" version="1.0" runtime="1.50">
  </job>
<!-- part 3: list of control-flow dependencies (may be empty) -->
  <child ref="ID00000">
    <parent ref="ID00006"/>
    <parent ref="ID00017"/>
    <parent ref="ID00027"/>
    <parent ref="ID00004"/>
    <parent ref="ID00015"/>
    <parent ref="ID00025"/>
    <parent ref="ID00008"/>
    <parent ref="ID00019"/>
    <parent ref="ID00029"/>
    <parent ref="ID00012"/>
    <parent ref="ID00023"/>
    <parent ref="ID00010"/>
    <parent ref="ID00021"/>
  </child>
  <child ref="ID00001">
    <parent ref="ID00028"/>
    <parent ref="ID00005"/>
    <parent ref="ID00016"/>
    <parent ref="ID00026"/>
    <parent ref="ID00003"/>
    <parent ref="ID00014"/>
    <parent ref="ID00009"/>
    <parent ref="ID00007"/>
    <parent ref="ID00018"/>
    <parent ref="ID00020"/>
    <parent ref="ID00024"/>
    <parent ref="ID00011"/>
    <parent ref="ID00022"/>
  </child>
  <child ref="ID00003">
    <parent ref="ID00002"/>
  </child>
  <child ref="ID00004">
    <parent ref="ID00003"/>
  </child>
  <child ref="ID00005">
    <parent ref="ID00002"/>
  </child>
  <child ref="ID00006">
    <parent ref="ID00005"/>
  </child>
  <child ref="ID00007">
    <parent ref="ID00002"/>
  </child>
  <child ref="ID00008">
    <parent ref="ID00007"/>
  </child>
  <child ref="ID00009">
    <parent ref="ID00002"/>
  </child>
  <child ref="ID00010">
    <parent ref="ID00009"/>
  </child>
  <child ref="ID00011">
    <parent ref="ID00002"/>
  </child>
  <child ref="ID00012">
    <parent ref="ID00011"/>
  </child>
  <child ref="ID00014">
    <parent ref="ID00013"/>
  </child>
  <child ref="ID00015">
    <parent ref="ID00014"/>
  </child>
  <child ref="ID00016">
    <parent ref="ID00013"/>
  </child>
  <child ref="ID00017">
    <parent ref="ID00016"/>
  </child>
  <child ref="ID00018">
    <parent ref="ID00013"/>
  </child>
  <child ref="ID00019">
    <parent ref="ID00018"/>
  </child>
  <child ref="ID00020">
    <parent ref="ID00013"/>
  </child>
  <child ref="ID00021">
    <parent ref="ID00020"/>
  </child>
  <child ref="ID00022">
    <parent ref="ID00013"/>
  </child>
  <child ref="ID00023">
    <parent ref="ID00022"/>
  </child>
  <child ref="ID00024">
    <parent ref="ID00013"/>
  </child>
  <child ref="ID00025">
    <parent ref="ID00024"/>
  </child>
  <child ref="ID00026">
    <parent ref="ID00013"/>
  </child>
  <child ref="ID00027">
    <parent ref="ID00026"/>
  </child>
  <child ref="ID00028">
    <parent ref="ID00013"/>
  </child>
  <child ref="ID00029">
    <parent ref="ID00028"/>
  </child>
</adag>
