<?xml version="1.0" encoding="UTF-8"?>
<!-- generated: 2018-05-31T22:47:47+08:00 -->
<!-- generated by: personajian [??] -->
<adag xmlns="http://pegasus.isi.edu/schema/DAX" xmlns:xsi="http://www.w3.org/2001/XMLSchema-instance" xsi:schemaLocation="http://pegasus.isi.edu/schema/DAX http://pegasus.isi.edu/schema/dax-2.1.xsd" version="2.1" count="1" index="0" name="test" jobCount="150" fileCount="0" childCount="148">
<!-- part 1: list of all referenced files (may be empty) -->
<!-- part 2: definition of all jobs (at least one) -->
  <job id="ID00000" namespace="CyberShake" name="ZipPSA" version="1.0" runtime="0.39">
  </job>
  <job id="ID00001" namespace="CyberShake" name="ZipSeis" version="1.0" runtime="0.66">
  </job>
  <job id="ID00002" namespace="CyberShake" name="ExtractSGT" version="1.0" runtime="94.56">
  </job>
  <job id="ID00003" namespace="CyberShake" name="SeismogramSynthesis" version="1.0" runtime="47.77">
  </job>
  <job id="ID00004" namespace="CyberShake" name="PeakValCalcOkaya" version="1.0" runtime="0.70">
  </job>
  <job id="ID00005" namespace="CyberShake" name="SeismogramSynthesis" version="1.0" runtime="61.38">
  </job>
  <job id="ID00006" namespace="CyberShake" name="PeakValCalcOkaya" version="1.0" runtime="0.97">
  </job>
  <job id="ID00007" namespace="CyberShake" name="SeismogramSynthesis" version="1.0" runtime="51.78">
  </job>
  <job id="ID00008" namespace="CyberShake" name="PeakValCalcOkaya" version="1.0" runtime="1.59">
  </job>
  <job id="ID00009" namespace="CyberShake" name="SeismogramSynthesis" version="1.0" runtime="60.67">
  </job>
  <job id="ID00010" namespace="CyberShake" name="PeakValCalcOkaya" version="1.0" runtime="1.48">
  </job>
  <job id="ID00011" namespace="CyberShake" name="SeismogramSynthesis" version="1.0" runtime="63.24">
  </job>
  <job id="ID00012" namespace="CyberShake" name="PeakValCalcOkaya" version="1.0" runtime="1.52">
  </job>
  <job id="ID00013" namespace="CyberShake" name="SeismogramSynthesis" version="1.0" runtime="31.23">
  </job>
  <job id="ID00014" namespace="CyberShake" name="PeakValCalcOkaya" version="1.0" runtime="1.49">
  </job>
  <job id="ID00015" namespace="CyberShake" name="SeismogramSynthesis" version="1.0" runtime="42.37">
  </job>
  <job id="ID00016" namespace="CyberShake" name="PeakValCalcOkaya" version="1.0" runtime="0.58">
  </job>
  <job id="ID00017" namespace="CyberShake" name="SeismogramSynthesis" version="1.0" runtime="41.12">
  </job>
  <job id="ID00018" namespace="CyberShake" name="PeakValCalcOkaya" version="1.0" runtime="1.59">
  </job>
  <job id="ID00019" namespace="CyberShake" name="SeismogramSynthesis" version="1.0" runtime="23.23">
  </job>
  <job id="ID00020" namespace="CyberShake" name="PeakValCalcOkaya" version="1.0" runtime="1.59">
  </job>
  <job id="ID00021" namespace="CyberShake" name="SeismogramSynthesis" version="1.0" runtime="28.37">
  </job>
  <job id="ID00022" namespace="CyberShake" name="PeakValCalcOkaya" version="1.0" runtime="1.43">
  </job>
  <job id="ID00023" namespace="CyberShake" name="SeismogramSynthesis" version="1.0" runtime="55.61">
  </job>
  <job id="ID00024" namespace="CyberShake" name="PeakValCalcOkaya" version="1.0" runtime="0.93">
  </job>
  <job id="ID00025" namespace="CyberShake" name="SeismogramSynthesis" version="1.0" runtime="30.43">
  </job>
  <job id="ID00026" namespace="CyberShake" name="PeakValCalcOkaya" version="1.0" runtime="1.45">
  </job>
  <job id="ID00027" namespace="CyberShake" name="SeismogramSynthesis" version="1.0" runtime="54.38">
  </job>
  <job id="ID00028" namespace="CyberShake" name="PeakValCalcOkaya" version="1.0" runtime="1.60">
  </job>
  <job id="ID00029" namespace="CyberShake" name="SeismogramSynthesis" version="1.0" runtime="40.90">
  </job>
  <job id="ID00030" namespace="CyberShake" name="PeakValCalcOkaya" version="1.0" runtime="0.87">
  </job>
  <job id="ID00031" namespace="CyberShake" name="SeismogramSynthesis" version="1.0" runtime="29.47">
  </job>
  <job id="ID00032" namespace="CyberShake" name="PeakValCalcOkaya" version="1.0" runtime="1.51">
  </job>
  <job id="ID00033" namespace="CyberShake" name="SeismogramSynthesis" version="1.0" runtime="31.89">
  </job>
  <job id="ID00034" namespace="CyberShake" name="PeakValCalcOkaya" version="1.0" runtime="1.38">
  </job>
  <job id="ID00035" namespace="CyberShake" name="SeismogramSynthesis" version="1.0" runtime="50.61">
  </job>
  <job id="ID00036" namespace="CyberShake" name="PeakValCalcOkaya" version="1.0" runtime="0.94">
  </job>
  <job id="ID00037" namespace="CyberShake" name="SeismogramSynthesis" version="1.0" runtime="52.03">
  </job>
  <job id="ID00038" namespace="CyberShake" name="PeakValCalcOkaya" version="1.0" runtime="1.50">
  </job>
  <job id="ID00039" namespace="CyberShake" name="SeismogramSynthesis" version="1.0" runtime="58.13">
  </job>
  <job id="ID00040" namespace="CyberShake" name="PeakValCalcOkaya" version="1.0" runtime="1.02">
  </job>
  <job id="ID00041" namespace="CyberShake" name="SeismogramSynthesis" version="1.0" runtime="34.54">
  </job>
  <job id="ID00042" namespace="CyberShake" name="PeakValCalcOkaya" version="1.0" runtime="1.38">
  </job>
  <job id="ID00043" namespace="CyberShake" name="SeismogramSynthesis" version="1.0" runtime="26.81">
  </job>
  <job id="ID00044" namespace="CyberShake" name="PeakValCalcOkaya" version="1.0" runtime="0.82">
  </job>
  <job id="ID00045" namespace="CyberShake" name="SeismogramSynthesis" version="1.0" runtime="53.12">
  </job>
  <job id="ID00046" namespace="CyberShake" name="PeakValCalcOkaya" version="1.0" runtime="0.90">
  </job>
  <job id="ID00047" namespace="CyberShake" name="SeismogramSynthesis" version="1.0" runtime="40.30">
  </job>
  <job id="ID00048" namespace="CyberShake" name="PeakValCalcOkaya" version="1.0" runtime="1.07">
  </job>
  <job id="ID00049" namespace="CyberShake" name="SeismogramSynthesis" version="1.0" runtime="55.31">
  </job>
  <job id="ID00050" namespace="CyberShake" name="PeakValCalcOkaya" version="1.0" runtime="1.21">
  </job>
  <job id="ID00051" namespace="CyberShake" name="SeismogramSynthesis" version="1.0" runtime="62.38">
  </job>
  <job id="ID00052" namespace="CyberShake" name="PeakValCalcOkaya" version="1.0" runtime="1.44">
  </job>
  <job id="ID00053" namespace="CyberShake" name="SeismogramSynthesis" version="1.0" runtime="55.63">
  </job>
  <job id="ID00054" namespace="CyberShake" name="PeakValCalcOkaya" version="1.0" runtime="0.86">
  </job>
  <job id="ID00055" namespace="CyberShake" name="SeismogramSynthesis" version="1.0" runtime="62.88">
  </job>
  <job id="ID00056" namespace="CyberShake" name="PeakValCalcOkaya" version="1.0" runtime="0.96">
  </job>
  <job id="ID00057" namespace="CyberShake" name="SeismogramSynthesis" version="1.0" runtime="37.88">
  </job>
  <job id="ID00058" namespace="CyberShake" name="PeakValCalcOkaya" version="1.0" runtime="1.09">
  </job>
  <job id="ID00059" namespace="CyberShake" name="SeismogramSynthesis" version="1.0" runtime="43.62">
  </job>
  <job id="ID00060" namespace="CyberShake" name="PeakValCalcOkaya" version="1.0" runtime="0.99">
  </job>
  <job id="ID00061" namespace="CyberShake" name="SeismogramSynthesis" version="1.0" runtime="59.64">
  </job>
  <job id="ID00062" namespace="CyberShake" name="PeakValCalcOkaya" version="1.0" runtime="0.81">
  </job>
  <job id="ID00063" namespace="CyberShake" name="SeismogramSynthesis" version="1.0" runtime="38.17">
  </job>
  <job id="ID00064" namespace="CyberShake" name="PeakValCalcOkaya" version="1.0" runtime="0.89">
  </job>
  <job id="ID00065" namespace="CyberShake" name="ExtractSGT" version="1.0" runtime="173.03">
  </job>
  <job id="ID00066" namespace="CyberShake" name="SeismogramSynthesis" version="1.0" runtime="57.69">
  </job>
  <job id="ID00067" namespace="CyberShake" name="PeakValCalcOkaya" version="1.0" runtime="1.26">
  </job>
  <job id="ID00068" namespace="CyberShake" name="SeismogramSynthesis" version="1.0" runtime="62.50">
  </job>
  <job id="ID00069" namespace="CyberShake" name="PeakValCalcOkaya" version="1.0" runtime="1.38">
  </job>
  <job id="ID00070" namespace="CyberShake" name="SeismogramSynthesis" version="1.0" runtime="44.98">
  </job>
  <job id="ID00071" namespace="CyberShake" name="PeakValCalcOkaya" version="1.0" runtime="1.09">
  </job>
  <job id="ID00072" namespace="CyberShake" name="SeismogramSynthesis" version="1.0" runtime="61.42">
  </job>
  <job id="ID00073" namespace="CyberShake" name="PeakValCalcOkaya" version="1.0" runtime="0.77">
  </job>
  <job id="ID00074" namespace="CyberShake" name="SeismogramSynthesis" version="1.0" runtime="42.42">
  </job>
  <job id="ID00075" namespace="CyberShake" name="PeakValCalcOkaya" version="1.0" runtime="1.33">
  </job>
  <job id="ID00076" namespace="CyberShake" name="SeismogramSynthesis" version="1.0" runtime="43.58">
  </job>
  <job id="ID00077" namespace="CyberShake" name="PeakValCalcOkaya" version="1.0" runtime="1.12">
  </job>
  <job id="ID00078" namespace="CyberShake" name="SeismogramSynthesis" version="1.0" runtime="37.89">
  </job>
  <job id="ID00079" namespace="CyberShake" name="PeakValCalcOkaya" version="1.0" runtime="0.59">
  </job>
  <job id="ID00080" namespace="CyberShake" name="SeismogramSynthesis" version="1.0" runtime="39.72">
  </job>
  <job id="ID00081" namespace="CyberShake" name="PeakValCalcOkaya" version="1.0" runtime="1.38">
  </job>
  <job id="ID00082" namespace="CyberShake" name="SeismogramSynthesis" version="1.0" runtime="44.55">
  </job>
  <job id="ID00083" namespace="CyberShake" name="PeakValCalcOkaya" version="1.0" runtime="1.60">
  </job>
  <job id="ID00084" namespace="CyberShake" name="SeismogramSynthesis" version="1.0" runtime="31.03">
  </job>
  <job id="ID00085" namespace="CyberShake" name="PeakValCalcOkaya" version="1.0" runtime="1.13">
  </job>
  <job id="ID00086" namespace="CyberShake" name="SeismogramSynthesis" version="1.0" runtime="47.34">
  </job>
  <job id="ID00087" namespace="CyberShake" name="PeakValCalcOkaya" version="1.0" runtime="1.33">
  </job>
  <job id="ID00088" namespace="CyberShake" name="SeismogramSynthesis" version="1.0" runtime="37.95">
  </job>
  <job id="ID00089" namespace="CyberShake" name="PeakValCalcOkaya" version="1.0" runtime="1.07">
  </job>
  <job id="ID00090" namespace="CyberShake" name="SeismogramSynthesis" version="1.0" runtime="36.08">
  </job>
  <job id="ID00091" namespace="CyberShake" name="PeakValCalcOkaya" version="1.0" runtime="1.58">
  </job>
  <job id="ID00092" namespace="CyberShake" name="SeismogramSynthesis" version="1.0" runtime="29.95">
  </job>
  <job id="ID00093" namespace="CyberShake" name="PeakValCalcOkaya" version="1.0" runtime="1.07">
  </job>
  <job id="ID00094" namespace="CyberShake" name="SeismogramSynthesis" version="1.0" runtime="36.01">
  </job>
  <job id="ID00095" namespace="CyberShake" name="PeakValCalcOkaya" version="1.0" runtime="1.62">
  </job>
  <job id="ID00096" namespace="CyberShake" name="SeismogramSynthesis" version="1.0" runtime="41.21">
  </job>
  <job id="ID00097" namespace="CyberShake" name="PeakValCalcOkaya" version="1.0" runtime="0.87">
  </job>
  <job id="ID00098" namespace="CyberShake" name="SeismogramSynthesis" version="1.0" runtime="32.86">
  </job>
  <job id="ID00099" namespace="CyberShake" name="PeakValCalcOkaya" version="1.0" runtime="0.94">
  </job>
  <job id="ID00100" namespace="CyberShake" name="SeismogramSynthesis" version="1.0" runtime="33.22">
  </job>
  <job id="ID00101" namespace="CyberShake" name="PeakValCalcOkaya" version="1.0" runtime="1.55">
  </job>
  <job id="ID00102" namespace="CyberShake" name="SeismogramSynthesis" version="1.0" runtime="38.29">
  </job>
  <job id="ID00103" namespace="CyberShake" name="PeakValCalcOkaya" version="1.0" runtime="0.82">
  </job>
  <job id="ID00104" namespace="CyberShake" name="SeismogramSynthesis" version="1.0" runtime="33.18">
  </job>
  <job id="ID00105" namespace="CyberShake" name="PeakValCalcOkaya" version="1.0" runtime="1.29">
  </job>
  <job id="ID00106" namespace="CyberShake" name="SeismogramSynthesis" version="1.0" runtime="62.11">
  </job>
  <job id="ID00107" namespace="CyberShake" name="PeakValCalcOkaya" version="1.0" runtime="1.10">
  </job>
  <job id="ID00108" namespace="CyberShake" name="SeismogramSynthesis" version="1.0" runtime="56.88">
  </job>
  <job id="ID00109" namespace="CyberShake" name="PeakValCalcOkaya" version="1.0" runtime="1.48">
  </job>
  <job id="ID00110" namespace="CyberShake" name="SeismogramSynthesis" version="1.0" runtime="30.88">
  </job>
  <job id="ID00111" namespace="CyberShake" name="PeakValCalcOkaya" version="1.0" runtime="1.21">
  </job>
  <job id="ID00112" namespace="CyberShake" name="SeismogramSynthesis" version="1.0" runtime="60.16">
  </job>
  <job id="ID00113" namespace="CyberShake" name="PeakValCalcOkaya" version="1.0" runtime="0.78">
  </job>
  <job id="ID00114" namespace="CyberShake" name="SeismogramSynthesis" version="1.0" runtime="56.75">
  </job>
  <job id="ID00115" namespace="CyberShake" name="PeakValCalcOkaya" version="1.0" runtime="1.12">
  </job>
  <job id="ID00116" namespace="CyberShake" name="SeismogramSynthesis" version="1.0" runtime="49.58">
  </job>
  <job id="ID00117" namespace="CyberShake" name="PeakValCalcOkaya" version="1.0" runtime="1.35">
  </job>
  <job id="ID00118" namespace="CyberShake" name="SeismogramSynthesis" version="1.0" runtime="47.39">
  </job>
  <job id="ID00119" namespace="CyberShake" name="PeakValCalcOkaya" version="1.0" runtime="0.91">
  </job>
  <job id="ID00120" namespace="CyberShake" name="SeismogramSynthesis" version="1.0" runtime="46.10">
  </job>
  <job id="ID00121" namespace="CyberShake" name="PeakValCalcOkaya" version="1.0" runtime="1.05">
  </job>
  <job id="ID00122" namespace="CyberShake" name="SeismogramSynthesis" version="1.0" runtime="56.22">
  </job>
  <job id="ID00123" namespace="CyberShake" name="PeakValCalcOkaya" version="1.0" runtime="1.20">
  </job>
  <job id="ID00124" namespace="CyberShake" name="SeismogramSynthesis" version="1.0" runtime="64.23">
  </job>
  <job id="ID00125" namespace="CyberShake" name="PeakValCalcOkaya" version="1.0" runtime="0.88">
  </job>
  <job id="ID00126" namespace="CyberShake" name="SeismogramSynthesis" version="1.0" runtime="60.61">
  </job>
  <job id="ID00127" namespace="CyberShake" name="PeakValCalcOkaya" version="1.0" runtime="1.40">
  </job>
  <job id="ID00128" namespace="CyberShake" name="SeismogramSynthesis" version="1.0" runtime="44.06">
  </job>
  <job id="ID00129" namespace="CyberShake" name="PeakValCalcOkaya" version="1.0" runtime="1.26">
  </job>
  <job id="ID00130" namespace="CyberShake" name="SeismogramSynthesis" version="1.0" runtime="54.88">
  </job>
  <job id="ID00131" namespace="CyberShake" name="PeakValCalcOkaya" version="1.0" runtime="1.48">
  </job>
  <job id="ID00132" namespace="CyberShake" name="SeismogramSynthesis" version="1.0" runtime="49.01">
  </job>
  <job id="ID00133" namespace="CyberShake" name="PeakValCalcOkaya" version="1.0" runtime="1.53">
  </job>
  <job id="ID00134" namespace="CyberShake" name="SeismogramSynthesis" version="1.0" runtime="62.28">
  </job>
  <job id="ID00135" namespace="CyberShake" name="PeakValCalcOkaya" version="1.0" runtime="1.40">
  </job>
  <job id="ID00136" namespace="CyberShake" name="SeismogramSynthesis" version="1.0" runtime="39.73">
  </job>
  <job id="ID00137" namespace="CyberShake" name="PeakValCalcOkaya" version="1.0" runtime="0.97">
  </job>
  <job id="ID00138" namespace="CyberShake" name="SeismogramSynthesis" version="1.0" runtime="33.27">
  </job>
  <job id="ID00139" namespace="CyberShake" name="PeakValCalcOkaya" version="1.0" runtime="0.68">
  </job>
  <job id="ID00140" namespace="CyberShake" name="SeismogramSynthesis" version="1.0" runtime="48.41">
  </job>
  <job id="ID00141" namespace="CyberShake" name="PeakValCalcOkaya" version="1.0" runtime="1.38">
  </job>
  <job id="ID00142" namespace="CyberShake" name="SeismogramSynthesis" version="1.0" runtime="39.94">
  </job>
  <job id="ID00143" namespace="CyberShake" name="PeakValCalcOkaya" version="1.0" runtime="1.46">
  </job>
  <job id="ID00144" namespace="CyberShake" name="SeismogramSynthesis" version="1.0" runtime="41.68">
  </job>
  <job id="ID00145" namespace="CyberShake" name="PeakValCalcOkaya" version="1.0" runtime="1.44">
  </job>
  <job id="ID00146" namespace="CyberShake" name="SeismogramSynthesis" version="1.0" runtime="24.64">
  </job>
  <job id="ID00147" namespace="CyberShake" name="PeakValCalcOkaya" version="1.0" runtime="1.48">
  </job>
  <job id="ID00148" namespace="CyberShake" name="SeismogramSynthesis" version="1.0" runtime="38.69">
  </job>
  <job id="ID00149" namespace="CyberShake" name="PeakValCalcOkaya" version="1.0" runtime="1.54">
  </job>
<!-- part 3: list of control-flow dependencies (may be empty) -->
  <child ref="ID00000">
    <parent ref="ID00081"/>
    <parent ref="ID00006"/>
    <parent ref="ID00127"/>
    <parent ref="ID00004"/>
    <parent ref="ID00048"/>
    <parent ref="ID00125"/>
    <parent ref="ID00008"/>
    <parent ref="ID00129"/>
    <parent ref="ID00042"/>
    <parent ref="ID00085"/>
    <parent ref="ID00040"/>
    <parent ref="ID00083"/>
    <parent ref="ID00046"/>
    <parent ref="ID00123"/>
    <parent ref="ID00089"/>
    <parent ref="ID00044"/>
    <parent ref="ID00121"/>
    <parent ref="ID00087"/>
    <parent ref="ID00071"/>
    <parent ref="ID00038"/>
    <parent ref="ID00115"/>
    <parent ref="ID00036"/>
    <parent ref="ID00113"/>
    <parent ref="ID00119"/>
    <parent ref="ID00117"/>
    <parent ref="ID00075"/>
    <parent ref="ID00030"/>
    <parent ref="ID00073"/>
    <parent ref="ID00079"/>
    <parent ref="ID00034"/>
    <parent ref="ID00111"/>
    <parent ref="ID00077"/>
    <parent ref="ID00032"/>
    <parent ref="ID00060"/>
    <parent ref="ID00028"/>
    <parent ref="ID00105"/>
    <parent ref="ID00149"/>
    <parent ref="ID00026"/>
    <parent ref="ID00103"/>
    <parent ref="ID00147"/>
    <parent ref="ID00069"/>
    <parent ref="ID00109"/>
    <parent ref="ID00107"/>
    <parent ref="ID00020"/>
    <parent ref="ID00064"/>
    <parent ref="ID00141"/>
    <parent ref="ID00062"/>
    <parent ref="ID00024"/>
    <parent ref="ID00101"/>
    <parent ref="ID00145"/>
    <parent ref="ID00067"/>
    <parent ref="ID00022"/>
    <parent ref="ID00143"/>
    <parent ref="ID00093"/>
    <parent ref="ID00091"/>
    <parent ref="ID00016"/>
    <parent ref="ID00137"/>
    <parent ref="ID00014"/>
    <parent ref="ID00058"/>
    <parent ref="ID00135"/>
    <parent ref="ID00018"/>
    <parent ref="ID00139"/>
    <parent ref="ID00097"/>
    <parent ref="ID00052"/>
    <parent ref="ID00095"/>
    <parent ref="ID00050"/>
    <parent ref="ID00012"/>
    <parent ref="ID00056"/>
    <parent ref="ID00133"/>
    <parent ref="ID00099"/>
    <parent ref="ID00010"/>
    <parent ref="ID00054"/>
    <parent ref="ID00131"/>
  </child>
  <child ref="ID00001">
    <parent ref="ID00082"/>
    <parent ref="ID00080"/>
    <parent ref="ID00005"/>
    <parent ref="ID00049"/>
    <parent ref="ID00126"/>
    <parent ref="ID00003"/>
    <parent ref="ID00047"/>
    <parent ref="ID00124"/>
    <parent ref="ID00009"/>
    <parent ref="ID00007"/>
    <parent ref="ID00128"/>
    <parent ref="ID00086"/>
    <parent ref="ID00041"/>
    <parent ref="ID00084"/>
    <parent ref="ID00045"/>
    <parent ref="ID00122"/>
    <parent ref="ID00088"/>
    <parent ref="ID00043"/>
    <parent ref="ID00120"/>
    <parent ref="ID00070"/>
    <parent ref="ID00039"/>
    <parent ref="ID00116"/>
    <parent ref="ID00037"/>
    <parent ref="ID00114"/>
    <parent ref="ID00118"/>
    <parent ref="ID00031"/>
    <parent ref="ID00074"/>
    <parent ref="ID00072"/>
    <parent ref="ID00035"/>
    <parent ref="ID00112"/>
    <parent ref="ID00078"/>
    <parent ref="ID00033"/>
    <parent ref="ID00110"/>
    <parent ref="ID00076"/>
    <parent ref="ID00027"/>
    <parent ref="ID00104"/>
    <parent ref="ID00148"/>
    <parent ref="ID00025"/>
    <parent ref="ID00102"/>
    <parent ref="ID00146"/>
    <parent ref="ID00108"/>
    <parent ref="ID00029"/>
    <parent ref="ID00106"/>
    <parent ref="ID00063"/>
    <parent ref="ID00140"/>
    <parent ref="ID00061"/>
    <parent ref="ID00068"/>
    <parent ref="ID00023"/>
    <parent ref="ID00100"/>
    <parent ref="ID00144"/>
    <parent ref="ID00066"/>
    <parent ref="ID00021"/>
    <parent ref="ID00142"/>
    <parent ref="ID00092"/>
    <parent ref="ID00090"/>
    <parent ref="ID00017"/>
    <parent ref="ID00138"/>
    <parent ref="ID00015"/>
    <parent ref="ID00059"/>
    <parent ref="ID00136"/>
    <parent ref="ID00019"/>
    <parent ref="ID00053"/>
    <parent ref="ID00130"/>
    <parent ref="ID00096"/>
    <parent ref="ID00051"/>
    <parent ref="ID00094"/>
    <parent ref="ID00013"/>
    <parent ref="ID00057"/>
    <parent ref="ID00134"/>
    <parent ref="ID00011"/>
    <parent ref="ID00055"/>
    <parent ref="ID00132"/>
    <parent ref="ID00098"/>
  </child>
  <child ref="ID00003">
    <parent ref="ID00002"/>
  </child>
  <child ref="ID00004">
    <parent ref="ID00003"/>
  </child>
  <child ref="ID00005">
    <parent ref="ID00002"/>
  </child>
  <child ref="ID00006">
    <parent ref="ID00005"/>
  </child>
  <child ref="ID00007">
    <parent ref="ID00002"/>
  </child>
  <child ref="ID00008">
    <parent ref="ID00007"/>
  </child>
  <child ref="ID00009">
    <parent ref="ID00002"/>
  </child>
  <child ref="ID00010">
    <parent ref="ID00009"/>
  </child>
  <child ref="ID00011">
    <parent ref="ID00002"/>
  </child>
  <child ref="ID00012">
    <parent ref="ID00011"/>
  </child>
  <child ref="ID00013">
    <parent ref="ID00002"/>
  </child>
  <child ref="ID00014">
    <parent ref="ID00013"/>
  </child>
  <child ref="ID00015">
    <parent ref="ID00002"/>
  </child>
  <child ref="ID00016">
    <parent ref="ID00015"/>
  </child>
  <child ref="ID00017">
    <parent ref="ID00002"/>
  </child>
  <child ref="ID00018">
    <parent ref="ID00017"/>
  </child>
  <child ref="ID00019">
    <parent ref="ID00002"/>
  </child>
  <child ref="ID00020">
    <parent ref="ID00019"/>
  </child>
  <child ref="ID00021">
    <parent ref="ID00002"/>
  </child>
  <child ref="ID00022">
    <parent ref="ID00021"/>
  </child>
  <child ref="ID00023">
    <parent ref="ID00002"/>
  </child>
  <child ref="ID00024">
    <parent ref="ID00023"/>
  </child>
  <child ref="ID00025">
    <parent ref="ID00002"/>
  </child>
  <child ref="ID00026">
    <parent ref="ID00025"/>
  </child>
  <child ref="ID00027">
    <parent ref="ID00002"/>
  </child>
  <child ref="ID00028">
    <parent ref="ID00027"/>
  </child>
  <child ref="ID00029">
    <parent ref="ID00002"/>
  </child>
  <child ref="ID00030">
    <parent ref="ID00029"/>
  </child>
  <child ref="ID00031">
    <parent ref="ID00002"/>
  </child>
  <child ref="ID00032">
    <parent ref="ID00031"/>
  </child>
  <child ref="ID00033">
    <parent ref="ID00002"/>
  </child>
  <child ref="ID00034">
    <parent ref="ID00033"/>
  </child>
  <child ref="ID00035">
    <parent ref="ID00002"/>
  </child>
  <child ref="ID00036">
    <parent ref="ID00035"/>
  </child>
  <child ref="ID00037">
    <parent ref="ID00002"/>
  </child>
  <child ref="ID00038">
    <parent ref="ID00037"/>
  </child>
  <child ref="ID00039">
    <parent ref="ID00002"/>
  </child>
  <child ref="ID00040">
    <parent ref="ID00039"/>
  </child>
  <child ref="ID00041">
    <parent ref="ID00002"/>
  </child>
  <child ref="ID00042">
    <parent ref="ID00041"/>
  </child>
  <child ref="ID00043">
    <parent ref="ID00002"/>
  </child>
  <child ref="ID00044">
    <parent ref="ID00043"/>
  </child>
  <child ref="ID00045">
    <parent ref="ID00002"/>
  </child>
  <child ref="ID00046">
    <parent ref="ID00045"/>
  </child>
  <child ref="ID00047">
    <parent ref="ID00002"/>
  </child>
  <child ref="ID00048">
    <parent ref="ID00047"/>
  </child>
  <child ref="ID00049">
    <parent ref="ID00002"/>
  </child>
  <child ref="ID00050">
    <parent ref="ID00049"/>
  </child>
  <child ref="ID00051">
    <parent ref="ID00002"/>
  </child>
  <child ref="ID00052">
    <parent ref="ID00051"/>
  </child>
  <child ref="ID00053">
    <parent ref="ID00002"/>
  </child>
  <child ref="ID00054">
    <parent ref="ID00053"/>
  </child>
  <child ref="ID00055">
    <parent ref="ID00002"/>
  </child>
  <child ref="ID00056">
    <parent ref="ID00055"/>
  </child>
  <child ref="ID00057">
    <parent ref="ID00002"/>
  </child>
  <child ref="ID00058">
    <parent ref="ID00057"/>
  </child>
  <child ref="ID00059">
    <parent ref="ID00002"/>
  </child>
  <child ref="ID00060">
    <parent ref="ID00059"/>
  </child>
  <child ref="ID00061">
    <parent ref="ID00002"/>
  </child>
  <child ref="ID00062">
    <parent ref="ID00061"/>
  </child>
  <child ref="ID00063">
    <parent ref="ID00002"/>
  </child>
  <child ref="ID00064">
    <parent ref="ID00063"/>
  </child>
  <child ref="ID00066">
    <parent ref="ID00065"/>
  </child>
  <child ref="ID00067">
    <parent ref="ID00066"/>
  </child>
  <child ref="ID00068">
    <parent ref="ID00065"/>
  </child>
  <child ref="ID00069">
    <parent ref="ID00068"/>
  </child>
  <child ref="ID00070">
    <parent ref="ID00065"/>
  </child>
  <child ref="ID00071">
    <parent ref="ID00070"/>
  </child>
  <child ref="ID00072">
    <parent ref="ID00065"/>
  </child>
  <child ref="ID00073">
    <parent ref="ID00072"/>
  </child>
  <child ref="ID00074">
    <parent ref="ID00065"/>
  </child>
  <child ref="ID00075">
    <parent ref="ID00074"/>
  </child>
  <child ref="ID00076">
    <parent ref="ID00065"/>
  </child>
  <child ref="ID00077">
    <parent ref="ID00076"/>
  </child>
  <child ref="ID00078">
    <parent ref="ID00065"/>
  </child>
  <child ref="ID00079">
    <parent ref="ID00078"/>
  </child>
  <child ref="ID00080">
    <parent ref="ID00065"/>
  </child>
  <child ref="ID00081">
    <parent ref="ID00080"/>
  </child>
  <child ref="ID00082">
    <parent ref="ID00065"/>
  </child>
  <child ref="ID00083">
    <parent ref="ID00082"/>
  </child>
  <child ref="ID00084">
    <parent ref="ID00065"/>
  </child>
  <child ref="ID00085">
    <parent ref="ID00084"/>
  </child>
  <child ref="ID00086">
    <parent ref="ID00065"/>
  </child>
  <child ref="ID00087">
    <parent ref="ID00086"/>
  </child>
  <child ref="ID00088">
    <parent ref="ID00065"/>
  </child>
  <child ref="ID00089">
    <parent ref="ID00088"/>
  </child>
  <child ref="ID00090">
    <parent ref="ID00065"/>
  </child>
  <child ref="ID00091">
    <parent ref="ID00090"/>
  </child>
  <child ref="ID00092">
    <parent ref="ID00065"/>
  </child>
  <child ref="ID00093">
    <parent ref="ID00092"/>
  </child>
  <child ref="ID00094">
    <parent ref="ID00065"/>
  </child>
  <child ref="ID00095">
    <parent ref="ID00094"/>
  </child>
  <child ref="ID00096">
    <parent ref="ID00065"/>
  </child>
  <child ref="ID00097">
    <parent ref="ID00096"/>
  </child>
  <child ref="ID00098">
    <parent ref="ID00065"/>
  </child>
  <child ref="ID00099">
    <parent ref="ID00098"/>
  </child>
  <child ref="ID00100">
    <parent ref="ID00065"/>
  </child>
  <child ref="ID00101">
    <parent ref="ID00100"/>
  </child>
  <child ref="ID00102">
    <parent ref="ID00065"/>
  </child>
  <child ref="ID00103">
    <parent ref="ID00102"/>
  </child>
  <child ref="ID00104">
    <parent ref="ID00065"/>
  </child>
  <child ref="ID00105">
    <parent ref="ID00104"/>
  </child>
  <child ref="ID00106">
    <parent ref="ID00065"/>
  </child>
  <child ref="ID00107">
    <parent ref="ID00106"/>
  </child>
  <child ref="ID00108">
    <parent ref="ID00065"/>
  </child>
  <child ref="ID00109">
    <parent ref="ID00108"/>
  </child>
  <child ref="ID00110">
    <parent ref="ID00065"/>
  </child>
  <child ref="ID00111">
    <parent ref="ID00110"/>
  </child>
  <child ref="ID00112">
    <parent ref="ID00065"/>
  </child>
  <child ref="ID00113">
    <parent ref="ID00112"/>
  </child>
  <child ref="ID00114">
    <parent ref="ID00065"/>
  </child>
  <child ref="ID00115">
    <parent ref="ID00114"/>
  </child>
  <child ref="ID00116">
    <parent ref="ID00065"/>
  </child>
  <child ref="ID00117">
    <parent ref="ID00116"/>
  </child>
  <child ref="ID00118">
    <parent ref="ID00065"/>
  </child>
  <child ref="ID00119">
    <parent ref="ID00118"/>
  </child>
  <child ref="ID00120">
    <parent ref="ID00065"/>
  </child>
  <child ref="ID00121">
    <parent ref="ID00120"/>
  </child>
  <child ref="ID00122">
    <parent ref="ID00065"/>
  </child>
  <child ref="ID00123">
    <parent ref="ID00122"/>
  </child>
  <child ref="ID00124">
    <parent ref="ID00065"/>
  </child>
  <child ref="ID00125">
    <parent ref="ID00124"/>
  </child>
  <child ref="ID00126">
    <parent ref="ID00065"/>
  </child>
  <child ref="ID00127">
    <parent ref="ID00126"/>
  </child>
  <child ref="ID00128">
    <parent ref="ID00065"/>
  </child>
  <child ref="ID00129">
    <parent ref="ID00128"/>
  </child>
  <child ref="ID00130">
    <parent ref="ID00065"/>
  </child>
  <child ref="ID00131">
    <parent ref="ID00130"/>
  </child>
  <child ref="ID00132">
    <parent ref="ID00065"/>
  </child>
  <child ref="ID00133">
    <parent ref="ID00132"/>
  </child>
  <child ref="ID00134">
    <parent ref="ID00065"/>
  </child>
  <child ref="ID00135">
    <parent ref="ID00134"/>
  </child>
  <child ref="ID00136">
    <parent ref="ID00065"/>
  </child>
  <child ref="ID00137">
    <parent ref="ID00136"/>
  </child>
  <child ref="ID00138">
    <parent ref="ID00065"/>
  </child>
  <child ref="ID00139">
    <parent ref="ID00138"/>
  </child>
  <child ref="ID00140">
    <parent ref="ID00065"/>
  </child>
  <child ref="ID00141">
    <parent ref="ID00140"/>
  </child>
  <child ref="ID00142">
    <parent ref="ID00065"/>
  </child>
  <child ref="ID00143">
    <parent ref="ID00142"/>
  </child>
  <child ref="ID00144">
    <parent ref="ID00065"/>
  </child>
  <child ref="ID00145">
    <parent ref="ID00144"/>
  </child>
  <child ref="ID00146">
    <parent ref="ID00065"/>
  </child>
  <child ref="ID00147">
    <parent ref="ID00146"/>
  </child>
  <child ref="ID00148">
    <parent ref="ID00065"/>
  </child>
  <child ref="ID00149">
    <parent ref="ID00148"/>
  </child>
</adag>
