<?xml version="1.0" encoding="UTF-8"?>
<!-- generated: 2018-05-31T22:47:45+08:00 -->
<!-- generated by: personajian [??] -->
<adag xmlns="http://pegasus.isi.edu/schema/DAX" xmlns:xsi="http://www.w3.org/2001/XMLSchema-instance" xsi:schemaLocation="http://pegasus.isi.edu/schema/DAX http://pegasus.isi.edu/schema/dax-2.1.xsd" version="2.1" count="1" index="0" name="test" jobCount="50" fileCount="0" childCount="48">
<!-- part 1: list of all referenced files (may be empty) -->
<!-- part 2: definition of all jobs (at least one) -->
  <job id="ID00000" namespace="CyberShake" name="ZipPSA" version="1.0" runtime="0.11">
  </job>
  <job id="ID00001" namespace="CyberShake" name="ZipSeis" version="1.0" runtime="0.34">
  </job>
  <job id="ID00002" namespace="CyberShake" name="ExtractSGT" version="1.0" runtime="203.10">
  </job>
  <job id="ID00003" namespace="CyberShake" name="SeismogramSynthesis" version="1.0" runtime="42.30">
  </job>
  <job id="ID00004" namespace="CyberShake" name="PeakValCalcOkaya" version="1.0" runtime="1.49">
  </job>
  <job id="ID00005" namespace="CyberShake" name="SeismogramSynthesis" version="1.0" runtime="64.26">
  </job>
  <job id="ID00006" namespace="CyberShake" name="PeakValCalcOkaya" version="1.0" runtime="1.56">
  </job>
  <job id="ID00007" namespace="CyberShake" name="SeismogramSynthesis" version="1.0" runtime="61.92">
  </job>
  <job id="ID00008" namespace="CyberShake" name="PeakValCalcOkaya" version="1.0" runtime="1.59">
  </job>
  <job id="ID00009" namespace="CyberShake" name="SeismogramSynthesis" version="1.0" runtime="28.03">
  </job>
  <job id="ID00010" namespace="CyberShake" name="PeakValCalcOkaya" version="1.0" runtime="0.80">
  </job>
  <job id="ID00011" namespace="CyberShake" name="SeismogramSynthesis" version="1.0" runtime="38.87">
  </job>
  <job id="ID00012" namespace="CyberShake" name="PeakValCalcOkaya" version="1.0" runtime="0.56">
  </job>
  <job id="ID00013" namespace="CyberShake" name="SeismogramSynthesis" version="1.0" runtime="61.37">
  </job>
  <job id="ID00014" namespace="CyberShake" name="PeakValCalcOkaya" version="1.0" runtime="1.04">
  </job>
  <job id="ID00015" namespace="CyberShake" name="SeismogramSynthesis" version="1.0" runtime="26.29">
  </job>
  <job id="ID00016" namespace="CyberShake" name="PeakValCalcOkaya" version="1.0" runtime="1.09">
  </job>
  <job id="ID00017" namespace="CyberShake" name="SeismogramSynthesis" version="1.0" runtime="27.77">
  </job>
  <job id="ID00018" namespace="CyberShake" name="PeakValCalcOkaya" version="1.0" runtime="0.94">
  </job>
  <job id="ID00019" namespace="CyberShake" name="SeismogramSynthesis" version="1.0" runtime="35.27">
  </job>
  <job id="ID00020" namespace="CyberShake" name="PeakValCalcOkaya" version="1.0" runtime="1.37">
  </job>
  <job id="ID00021" namespace="CyberShake" name="SeismogramSynthesis" version="1.0" runtime="32.79">
  </job>
  <job id="ID00022" namespace="CyberShake" name="PeakValCalcOkaya" version="1.0" runtime="1.13">
  </job>
  <job id="ID00023" namespace="CyberShake" name="ExtractSGT" version="1.0" runtime="73.43">
  </job>
  <job id="ID00024" namespace="CyberShake" name="SeismogramSynthesis" version="1.0" runtime="44.52">
  </job>
  <job id="ID00025" namespace="CyberShake" name="PeakValCalcOkaya" version="1.0" runtime="1.06">
  </job>
  <job id="ID00026" namespace="CyberShake" name="SeismogramSynthesis" version="1.0" runtime="36.07">
  </job>
  <job id="ID00027" namespace="CyberShake" name="PeakValCalcOkaya" version="1.0" runtime="1.59">
  </job>
  <job id="ID00028" namespace="CyberShake" name="SeismogramSynthesis" version="1.0" runtime="52.89">
  </job>
  <job id="ID00029" namespace="CyberShake" name="PeakValCalcOkaya" version="1.0" runtime="1.26">
  </job>
  <job id="ID00030" namespace="CyberShake" name="SeismogramSynthesis" version="1.0" runtime="55.77">
  </job>
  <job id="ID00031" namespace="CyberShake" name="PeakValCalcOkaya" version="1.0" runtime="0.68">
  </job>
  <job id="ID00032" namespace="CyberShake" name="SeismogramSynthesis" version="1.0" runtime="52.89">
  </job>
  <job id="ID00033" namespace="CyberShake" name="PeakValCalcOkaya" version="1.0" runtime="0.88">
  </job>
  <job id="ID00034" namespace="CyberShake" name="SeismogramSynthesis" version="1.0" runtime="29.33">
  </job>
  <job id="ID00035" namespace="CyberShake" name="PeakValCalcOkaya" version="1.0" runtime="1.14">
  </job>
  <job id="ID00036" namespace="CyberShake" name="SeismogramSynthesis" version="1.0" runtime="25.41">
  </job>
  <job id="ID00037" namespace="CyberShake" name="PeakValCalcOkaya" version="1.0" runtime="0.66">
  </job>
  <job id="ID00038" namespace="CyberShake" name="SeismogramSynthesis" version="1.0" runtime="25.10">
  </job>
  <job id="ID00039" namespace="CyberShake" name="PeakValCalcOkaya" version="1.0" runtime="0.66">
  </job>
  <job id="ID00040" namespace="CyberShake" name="SeismogramSynthesis" version="1.0" runtime="36.80">
  </job>
  <job id="ID00041" namespace="CyberShake" name="PeakValCalcOkaya" version="1.0" runtime="0.84">
  </job>
  <job id="ID00042" namespace="CyberShake" name="SeismogramSynthesis" version="1.0" runtime="60.21">
  </job>
  <job id="ID00043" namespace="CyberShake" name="PeakValCalcOkaya" version="1.0" runtime="0.84">
  </job>
  <job id="ID00044" namespace="CyberShake" name="SeismogramSynthesis" version="1.0" runtime="22.11">
  </job>
  <job id="ID00045" namespace="CyberShake" name="PeakValCalcOkaya" version="1.0" runtime="1.39">
  </job>
  <job id="ID00046" namespace="CyberShake" name="SeismogramSynthesis" version="1.0" runtime="62.96">
  </job>
  <job id="ID00047" namespace="CyberShake" name="PeakValCalcOkaya" version="1.0" runtime="0.65">
  </job>
  <job id="ID00048" namespace="CyberShake" name="SeismogramSynthesis" version="1.0" runtime="33.45">
  </job>
  <job id="ID00049" namespace="CyberShake" name="PeakValCalcOkaya" version="1.0" runtime="0.79">
  </job>
<!-- part 3: list of control-flow dependencies (may be empty) -->
  <child ref="ID00000">
    <parent ref="ID00006"/>
    <parent ref="ID00039"/>
    <parent ref="ID00016"/>
    <parent ref="ID00027"/>
    <parent ref="ID00049"/>
    <parent ref="ID00004"/>
    <parent ref="ID00037"/>
    <parent ref="ID00014"/>
    <parent ref="ID00025"/>
    <parent ref="ID00047"/>
    <parent ref="ID00008"/>
    <parent ref="ID00018"/>
    <parent ref="ID00029"/>
    <parent ref="ID00020"/>
    <parent ref="ID00031"/>
    <parent ref="ID00041"/>
    <parent ref="ID00035"/>
    <parent ref="ID00012"/>
    <parent ref="ID00045"/>
    <parent ref="ID00022"/>
    <parent ref="ID00033"/>
    <parent ref="ID00010"/>
    <parent ref="ID00043"/>
  </child>
  <child ref="ID00001">
    <parent ref="ID00017"/>
    <parent ref="ID00028"/>
    <parent ref="ID00005"/>
    <parent ref="ID00038"/>
    <parent ref="ID00015"/>
    <parent ref="ID00026"/>
    <parent ref="ID00048"/>
    <parent ref="ID00003"/>
    <parent ref="ID00036"/>
    <parent ref="ID00009"/>
    <parent ref="ID00019"/>
    <parent ref="ID00007"/>
    <parent ref="ID00042"/>
    <parent ref="ID00030"/>
    <parent ref="ID00040"/>
    <parent ref="ID00013"/>
    <parent ref="ID00024"/>
    <parent ref="ID00046"/>
    <parent ref="ID00034"/>
    <parent ref="ID00011"/>
    <parent ref="ID00044"/>
    <parent ref="ID00021"/>
    <parent ref="ID00032"/>
  </child>
  <child ref="ID00003">
    <parent ref="ID00002"/>
  </child>
  <child ref="ID00004">
    <parent ref="ID00003"/>
  </child>
  <child ref="ID00005">
    <parent ref="ID00002"/>
  </child>
  <child ref="ID00006">
    <parent ref="ID00005"/>
  </child>
  <child ref="ID00007">
    <parent ref="ID00002"/>
  </child>
  <child ref="ID00008">
    <parent ref="ID00007"/>
  </child>
  <child ref="ID00009">
    <parent ref="ID00002"/>
  </child>
  <child ref="ID00010">
    <parent ref="ID00009"/>
  </child>
  <child ref="ID00011">
    <parent ref="ID00002"/>
  </child>
  <child ref="ID00012">
    <parent ref="ID00011"/>
  </child>
  <child ref="ID00013">
    <parent ref="ID00002"/>
  </child>
  <child ref="ID00014">
    <parent ref="ID00013"/>
  </child>
  <child ref="ID00015">
    <parent ref="ID00002"/>
  </child>
  <child ref="ID00016">
    <parent ref="ID00015"/>
  </child>
  <child ref="ID00017">
    <parent ref="ID00002"/>
  </child>
  <child ref="ID00018">
    <parent ref="ID00017"/>
  </child>
  <child ref="ID00019">
    <parent ref="ID00002"/>
  </child>
  <child ref="ID00020">
    <parent ref="ID00019"/>
  </child>
  <child ref="ID00021">
    <parent ref="ID00002"/>
  </child>
  <child ref="ID00022">
    <parent ref="ID00021"/>
  </child>
  <child ref="ID00024">
    <parent ref="ID00023"/>
  </child>
  <child ref="ID00025">
    <parent ref="ID00024"/>
  </child>
  <child ref="ID00026">
    <parent ref="ID00023"/>
  </child>
  <child ref="ID00027">
    <parent ref="ID00026"/>
  </child>
  <child ref="ID00028">
    <parent ref="ID00023"/>
  </child>
  <child ref="ID00029">
    <parent ref="ID00028"/>
  </child>
  <child ref="ID00030">
    <parent ref="ID00023"/>
  </child>
  <child ref="ID00031">
    <parent ref="ID00030"/>
  </child>
  <child ref="ID00032">
    <parent ref="ID00023"/>
  </child>
  <child ref="ID00033">
    <parent ref="ID00032"/>
  </child>
  <child ref="ID00034">
    <parent ref="ID00023"/>
  </child>
  <child ref="ID00035">
    <parent ref="ID00034"/>
  </child>
  <child ref="ID00036">
    <parent ref="ID00023"/>
  </child>
  <child ref="ID00037">
    <parent ref="ID00036"/>
  </child>
  <child ref="ID00038">
    <parent ref="ID00023"/>
  </child>
  <child ref="ID00039">
    <parent ref="ID00038"/>
  </child>
  <child ref="ID00040">
    <parent ref="ID00023"/>
  </child>
  <child ref="ID00041">
    <parent ref="ID00040"/>
  </child>
  <child ref="ID00042">
    <parent ref="ID00023"/>
  </child>
  <child ref="ID00043">
    <parent ref="ID00042"/>
  </child>
  <child ref="ID00044">
    <parent ref="ID00023"/>
  </child>
  <child ref="ID00045">
    <parent ref="ID00044"/>
  </child>
  <child ref="ID00046">
    <parent ref="ID00023"/>
  </child>
  <child ref="ID00047">
    <parent ref="ID00046"/>
  </child>
  <child ref="ID00048">
    <parent ref="ID00023"/>
  </child>
  <child ref="ID00049">
    <parent ref="ID00048"/>
  </child>
</adag>
