<?xml version="1.0" encoding="UTF-8"?>
<!-- generated: 2018-05-31T22:47:43+08:00 -->
<!-- generated by: personajian [??] -->
<adag xmlns="http://pegasus.isi.edu/schema/DAX" xmlns:xsi="http://www.w3.org/2001/XMLSchema-instance" xsi:schemaLocation="http://pegasus.isi.edu/schema/DAX http://pegasus.isi.edu/schema/dax-2.1.xsd" version="2.1" count="1" index="0" name="test" jobCount="30" fileCount="0" childCount="28">
<!-- part 1: list of all referenced files (may be empty) -->
<!-- part 2: definition of all jobs (at least one) -->
  <job id="ID00000" namespace="CyberShake" name="ZipPSA" version="1.0" runtime="0.16">
  </job>
  <job id="ID00001" namespace="CyberShake" name="ZipSeis" version="1.0" runtime="0.07">
  </job>
  <job id="ID00002" namespace="CyberShake" name="ExtractSGT" version="1.0" runtime="161.67">
  </job>
  <job id="ID00003" namespace="CyberShake" name="SeismogramSynthesis" version="1.0" runtime="41.74">
  </job>
  <job id="ID00004" namespace="CyberShake" name="PeakValCalcOkaya" version="1.0" runtime="0.85">
  </job>
  <job id="ID00005" namespace="CyberShake" name="SeismogramSynthesis" version="1.0" runtime="58.45">
  </job>
  <job id="ID00006" namespace="CyberShake" name="PeakValCalcOkaya" version="1.0" runtime="1.09">
  </job>
  <job id="ID00007" namespace="CyberShake" name="SeismogramSynthesis" version="1.0" runtime="42.07">
  </job>
  <job id="ID00008" namespace="CyberShake" name="PeakValCalcOkaya" version="1.0" runtime="1.51">
  </job>
  <job id="ID00009" namespace="CyberShake" name="SeismogramSynthesis" version="1.0" runtime="40.41">
  </job>
  <job id="ID00010" namespace="CyberShake" name="PeakValCalcOkaya" version="1.0" runtime="0.66">
  </job>
  <job id="ID00011" namespace="CyberShake" name="SeismogramSynthesis" version="1.0" runtime="34.20">
  </job>
  <job id="ID00012" namespace="CyberShake" name="PeakValCalcOkaya" version="1.0" runtime="1.29">
  </job>
  <job id="ID00013" namespace="CyberShake" name="ExtractSGT" version="1.0" runtime="164.27">
  </job>
  <job id="ID00014" namespace="CyberShake" name="SeismogramSynthesis" version="1.0" runtime="59.77">
  </job>
  <job id="ID00015" namespace="CyberShake" name="PeakValCalcOkaya" version="1.0" runtime="0.68">
  </job>
  <job id="ID00016" namespace="CyberShake" name="SeismogramSynthesis" version="1.0" runtime="50.25">
  </job>
  <job id="ID00017" namespace="CyberShake" name="PeakValCalcOkaya" version="1.0" runtime="1.14">
  </job>
  <job id="ID00018" namespace="CyberShake" name="SeismogramSynthesis" version="1.0" runtime="49.72">
  </job>
  <job id="ID00019" namespace="CyberShake" name="PeakValCalcOkaya" version="1.0" runtime="1.38">
  </job>
  <job id="ID00020" namespace="CyberShake" name="SeismogramSynthesis" version="1.0" runtime="60.08">
  </job>
  <job id="ID00021" namespace="CyberShake" name="PeakValCalcOkaya" version="1.0" runtime="0.88">
  </job>
  <job id="ID00022" namespace="CyberShake" name="SeismogramSynthesis" version="1.0" runtime="35.28">
  </job>
  <job id="ID00023" namespace="CyberShake" name="PeakValCalcOkaya" version="1.0" runtime="1.33">
  </job>
  <job id="ID00024" namespace="CyberShake" name="SeismogramSynthesis" version="1.0" runtime="44.18">
  </job>
  <job id="ID00025" namespace="CyberShake" name="PeakValCalcOkaya" version="1.0" runtime="1.17">
  </job>
  <job id="ID00026" namespace="CyberShake" name="SeismogramSynthesis" version="1.0" runtime="48.12">
  </job>
  <job id="ID00027" namespace="CyberShake" name="PeakValCalcOkaya" version="1.0" runtime="1.18">
  </job>
  <job id="ID00028" namespace="CyberShake" name="SeismogramSynthesis" version="1.0" runtime="30.42">
  </job>
  <job id="ID00029" namespace="CyberShake" name="PeakValCalcOkaya" version="1.0" runtime="0.68">
  </job>
<!-- part 3: list of control-flow dependencies (may be empty) -->
  <child ref="ID00000">
    <parent ref="ID00006"/>
    <parent ref="ID00017"/>
    <parent ref="ID00027"/>
    <parent ref="ID00004"/>
    <parent ref="ID00015"/>
    <parent ref="ID00025"/>
    <parent ref="ID00008"/>
    <parent ref="ID00019"/>
    <parent ref="ID00029"/>
    <parent ref="ID00012"/>
    <parent ref="ID00023"/>
    <parent ref="ID00010"/>
    <parent ref="ID00021"/>
  </child>
  <child ref="ID00001">
    <parent ref="ID00028"/>
    <parent ref="ID00005"/>
    <parent ref="ID00016"/>
    <parent ref="ID00026"/>
    <parent ref="ID00003"/>
    <parent ref="ID00014"/>
    <parent ref="ID00009"/>
    <parent ref="ID00007"/>
    <parent ref="ID00018"/>
    <parent ref="ID00020"/>
    <parent ref="ID00024"/>
    <parent ref="ID00011"/>
    <parent ref="ID00022"/>
  </child>
  <child ref="ID00003">
    <parent ref="ID00002"/>
  </child>
  <child ref="ID00004">
    <parent ref="ID00003"/>
  </child>
  <child ref="ID00005">
    <parent ref="ID00002"/>
  </child>
  <child ref="ID00006">
    <parent ref="ID00005"/>
  </child>
  <child ref="ID00007">
    <parent ref="ID00002"/>
  </child>
  <child ref="ID00008">
    <parent ref="ID00007"/>
  </child>
  <child ref="ID00009">
    <parent ref="ID00002"/>
  </child>
  <child ref="ID00010">
    <parent ref="ID00009"/>
  </child>
  <child ref="ID00011">
    <parent ref="ID00002"/>
  </child>
  <child ref="ID00012">
    <parent ref="ID00011"/>
  </child>
  <child ref="ID00014">
    <parent ref="ID00013"/>
  </child>
  <child ref="ID00015">
    <parent ref="ID00014"/>
  </child>
  <child ref="ID00016">
    <parent ref="ID00013"/>
  </child>
  <child ref="ID00017">
    <parent ref="ID00016"/>
  </child>
  <child ref="ID00018">
    <parent ref="ID00013"/>
  </child>
  <child ref="ID00019">
    <parent ref="ID00018"/>
  </child>
  <child ref="ID00020">
    <parent ref="ID00013"/>
  </child>
  <child ref="ID00021">
    <parent ref="ID00020"/>
  </child>
  <child ref="ID00022">
    <parent ref="ID00013"/>
  </child>
  <child ref="ID00023">
    <parent ref="ID00022"/>
  </child>
  <child ref="ID00024">
    <parent ref="ID00013"/>
  </child>
  <child ref="ID00025">
    <parent ref="ID00024"/>
  </child>
  <child ref="ID00026">
    <parent ref="ID00013"/>
  </child>
  <child ref="ID00027">
    <parent ref="ID00026"/>
  </child>
  <child ref="ID00028">
    <parent ref="ID00013"/>
  </child>
  <child ref="ID00029">
    <parent ref="ID00028"/>
  </child>
</adag>
