<?xml version="1.0" encoding="UTF-8"?>
<!-- generated: 2018-05-31T11:35:47+08:00 -->
<!-- generated by: personajian [??] -->
<adag xmlns="http://pegasus.isi.edu/schema/DAX" xmlns:xsi="http://www.w3.org/2001/XMLSchema-instance" xsi:schemaLocation="http://pegasus.isi.edu/schema/DAX http://pegasus.isi.edu/schema/dax-2.1.xsd" version="2.1" count="1" index="0" name="test" jobCount="500" fileCount="0" childCount="496">
<!-- part 1: list of all referenced files (may be empty) -->
<!-- part 2: definition of all jobs (at least one) -->
  <job id="ID00000" namespace="CyberShake" name="ZipPSA" version="1.0" runtime="1.84">
  </job>
  <job id="ID00001" namespace="CyberShake" name="ZipSeis" version="1.0" runtime="3.62">
  </job>
  <job id="ID00002" namespace="CyberShake" name="ExtractSGT" version="1.0" runtime="164.16">
  </job>
  <job id="ID00003" namespace="CyberShake" name="SeismogramSynthesis" version="1.0" runtime="38.09">
  </job>
  <job id="ID00004" namespace="CyberShake" name="PeakValCalcOkaya" version="1.0" runtime="1.13">
  </job>
  <job id="ID00005" namespace="CyberShake" name="SeismogramSynthesis" version="1.0" runtime="54.68">
  </job>
  <job id="ID00006" namespace="CyberShake" name="PeakValCalcOkaya" version="1.0" runtime="1.34">
  </job>
  <job id="ID00007" namespace="CyberShake" name="SeismogramSynthesis" version="1.0" runtime="52.18">
  </job>
  <job id="ID00008" namespace="CyberShake" name="PeakValCalcOkaya" version="1.0" runtime="1.44">
  </job>
  <job id="ID00009" namespace="CyberShake" name="SeismogramSynthesis" version="1.0" runtime="36.86">
  </job>
  <job id="ID00010" namespace="CyberShake" name="PeakValCalcOkaya" version="1.0" runtime="1.43">
  </job>
  <job id="ID00011" namespace="CyberShake" name="SeismogramSynthesis" version="1.0" runtime="28.57">
  </job>
  <job id="ID00012" namespace="CyberShake" name="PeakValCalcOkaya" version="1.0" runtime="1.53">
  </job>
  <job id="ID00013" namespace="CyberShake" name="SeismogramSynthesis" version="1.0" runtime="37.23">
  </job>
  <job id="ID00014" namespace="CyberShake" name="PeakValCalcOkaya" version="1.0" runtime="1.32">
  </job>
  <job id="ID00015" namespace="CyberShake" name="SeismogramSynthesis" version="1.0" runtime="27.40">
  </job>
  <job id="ID00016" namespace="CyberShake" name="PeakValCalcOkaya" version="1.0" runtime="1.18">
  </job>
  <job id="ID00017" namespace="CyberShake" name="SeismogramSynthesis" version="1.0" runtime="47.56">
  </job>
  <job id="ID00018" namespace="CyberShake" name="PeakValCalcOkaya" version="1.0" runtime="1.50">
  </job>
  <job id="ID00019" namespace="CyberShake" name="SeismogramSynthesis" version="1.0" runtime="34.74">
  </job>
  <job id="ID00020" namespace="CyberShake" name="PeakValCalcOkaya" version="1.0" runtime="0.68">
  </job>
  <job id="ID00021" namespace="CyberShake" name="SeismogramSynthesis" version="1.0" runtime="25.48">
  </job>
  <job id="ID00022" namespace="CyberShake" name="PeakValCalcOkaya" version="1.0" runtime="1.09">
  </job>
  <job id="ID00023" namespace="CyberShake" name="SeismogramSynthesis" version="1.0" runtime="51.89">
  </job>
  <job id="ID00024" namespace="CyberShake" name="PeakValCalcOkaya" version="1.0" runtime="1.00">
  </job>
  <job id="ID00025" namespace="CyberShake" name="SeismogramSynthesis" version="1.0" runtime="40.67">
  </job>
  <job id="ID00026" namespace="CyberShake" name="PeakValCalcOkaya" version="1.0" runtime="0.84">
  </job>
  <job id="ID00027" namespace="CyberShake" name="SeismogramSynthesis" version="1.0" runtime="22.86">
  </job>
  <job id="ID00028" namespace="CyberShake" name="PeakValCalcOkaya" version="1.0" runtime="1.26">
  </job>
  <job id="ID00029" namespace="CyberShake" name="SeismogramSynthesis" version="1.0" runtime="23.29">
  </job>
  <job id="ID00030" namespace="CyberShake" name="PeakValCalcOkaya" version="1.0" runtime="0.58">
  </job>
  <job id="ID00031" namespace="CyberShake" name="SeismogramSynthesis" version="1.0" runtime="58.32">
  </job>
  <job id="ID00032" namespace="CyberShake" name="PeakValCalcOkaya" version="1.0" runtime="1.04">
  </job>
  <job id="ID00033" namespace="CyberShake" name="SeismogramSynthesis" version="1.0" runtime="23.93">
  </job>
  <job id="ID00034" namespace="CyberShake" name="PeakValCalcOkaya" version="1.0" runtime="1.37">
  </job>
  <job id="ID00035" namespace="CyberShake" name="SeismogramSynthesis" version="1.0" runtime="56.77">
  </job>
  <job id="ID00036" namespace="CyberShake" name="PeakValCalcOkaya" version="1.0" runtime="1.31">
  </job>
  <job id="ID00037" namespace="CyberShake" name="SeismogramSynthesis" version="1.0" runtime="49.57">
  </job>
  <job id="ID00038" namespace="CyberShake" name="PeakValCalcOkaya" version="1.0" runtime="1.37">
  </job>
  <job id="ID00039" namespace="CyberShake" name="SeismogramSynthesis" version="1.0" runtime="43.85">
  </job>
  <job id="ID00040" namespace="CyberShake" name="PeakValCalcOkaya" version="1.0" runtime="1.59">
  </job>
  <job id="ID00041" namespace="CyberShake" name="SeismogramSynthesis" version="1.0" runtime="42.62">
  </job>
  <job id="ID00042" namespace="CyberShake" name="PeakValCalcOkaya" version="1.0" runtime="1.29">
  </job>
  <job id="ID00043" namespace="CyberShake" name="SeismogramSynthesis" version="1.0" runtime="31.76">
  </job>
  <job id="ID00044" namespace="CyberShake" name="PeakValCalcOkaya" version="1.0" runtime="1.20">
  </job>
  <job id="ID00045" namespace="CyberShake" name="SeismogramSynthesis" version="1.0" runtime="36.95">
  </job>
  <job id="ID00046" namespace="CyberShake" name="PeakValCalcOkaya" version="1.0" runtime="0.68">
  </job>
  <job id="ID00047" namespace="CyberShake" name="SeismogramSynthesis" version="1.0" runtime="53.34">
  </job>
  <job id="ID00048" namespace="CyberShake" name="PeakValCalcOkaya" version="1.0" runtime="0.64">
  </job>
  <job id="ID00049" namespace="CyberShake" name="SeismogramSynthesis" version="1.0" runtime="54.10">
  </job>
  <job id="ID00050" namespace="CyberShake" name="PeakValCalcOkaya" version="1.0" runtime="1.52">
  </job>
  <job id="ID00051" namespace="CyberShake" name="SeismogramSynthesis" version="1.0" runtime="27.25">
  </job>
  <job id="ID00052" namespace="CyberShake" name="PeakValCalcOkaya" version="1.0" runtime="0.69">
  </job>
  <job id="ID00053" namespace="CyberShake" name="SeismogramSynthesis" version="1.0" runtime="60.44">
  </job>
  <job id="ID00054" namespace="CyberShake" name="PeakValCalcOkaya" version="1.0" runtime="0.62">
  </job>
  <job id="ID00055" namespace="CyberShake" name="SeismogramSynthesis" version="1.0" runtime="27.08">
  </job>
  <job id="ID00056" namespace="CyberShake" name="PeakValCalcOkaya" version="1.0" runtime="1.07">
  </job>
  <job id="ID00057" namespace="CyberShake" name="SeismogramSynthesis" version="1.0" runtime="34.44">
  </job>
  <job id="ID00058" namespace="CyberShake" name="PeakValCalcOkaya" version="1.0" runtime="0.76">
  </job>
  <job id="ID00059" namespace="CyberShake" name="SeismogramSynthesis" version="1.0" runtime="36.16">
  </job>
  <job id="ID00060" namespace="CyberShake" name="PeakValCalcOkaya" version="1.0" runtime="0.77">
  </job>
  <job id="ID00061" namespace="CyberShake" name="SeismogramSynthesis" version="1.0" runtime="64.97">
  </job>
  <job id="ID00062" namespace="CyberShake" name="PeakValCalcOkaya" version="1.0" runtime="1.27">
  </job>
  <job id="ID00063" namespace="CyberShake" name="SeismogramSynthesis" version="1.0" runtime="64.98">
  </job>
  <job id="ID00064" namespace="CyberShake" name="PeakValCalcOkaya" version="1.0" runtime="1.42">
  </job>
  <job id="ID00065" namespace="CyberShake" name="SeismogramSynthesis" version="1.0" runtime="40.76">
  </job>
  <job id="ID00066" namespace="CyberShake" name="PeakValCalcOkaya" version="1.0" runtime="0.65">
  </job>
  <job id="ID00067" namespace="CyberShake" name="SeismogramSynthesis" version="1.0" runtime="57.93">
  </job>
  <job id="ID00068" namespace="CyberShake" name="PeakValCalcOkaya" version="1.0" runtime="1.40">
  </job>
  <job id="ID00069" namespace="CyberShake" name="SeismogramSynthesis" version="1.0" runtime="62.93">
  </job>
  <job id="ID00070" namespace="CyberShake" name="PeakValCalcOkaya" version="1.0" runtime="1.22">
  </job>
  <job id="ID00071" namespace="CyberShake" name="SeismogramSynthesis" version="1.0" runtime="49.25">
  </job>
  <job id="ID00072" namespace="CyberShake" name="PeakValCalcOkaya" version="1.0" runtime="1.00">
  </job>
  <job id="ID00073" namespace="CyberShake" name="SeismogramSynthesis" version="1.0" runtime="35.86">
  </job>
  <job id="ID00074" namespace="CyberShake" name="PeakValCalcOkaya" version="1.0" runtime="1.42">
  </job>
  <job id="ID00075" namespace="CyberShake" name="SeismogramSynthesis" version="1.0" runtime="41.89">
  </job>
  <job id="ID00076" namespace="CyberShake" name="PeakValCalcOkaya" version="1.0" runtime="1.62">
  </job>
  <job id="ID00077" namespace="CyberShake" name="SeismogramSynthesis" version="1.0" runtime="46.74">
  </job>
  <job id="ID00078" namespace="CyberShake" name="PeakValCalcOkaya" version="1.0" runtime="0.91">
  </job>
  <job id="ID00079" namespace="CyberShake" name="SeismogramSynthesis" version="1.0" runtime="38.19">
  </job>
  <job id="ID00080" namespace="CyberShake" name="PeakValCalcOkaya" version="1.0" runtime="1.63">
  </job>
  <job id="ID00081" namespace="CyberShake" name="SeismogramSynthesis" version="1.0" runtime="22.33">
  </job>
  <job id="ID00082" namespace="CyberShake" name="PeakValCalcOkaya" version="1.0" runtime="1.12">
  </job>
  <job id="ID00083" namespace="CyberShake" name="SeismogramSynthesis" version="1.0" runtime="34.07">
  </job>
  <job id="ID00084" namespace="CyberShake" name="PeakValCalcOkaya" version="1.0" runtime="0.64">
  </job>
  <job id="ID00085" namespace="CyberShake" name="SeismogramSynthesis" version="1.0" runtime="38.24">
  </job>
  <job id="ID00086" namespace="CyberShake" name="PeakValCalcOkaya" version="1.0" runtime="1.50">
  </job>
  <job id="ID00087" namespace="CyberShake" name="SeismogramSynthesis" version="1.0" runtime="41.93">
  </job>
  <job id="ID00088" namespace="CyberShake" name="PeakValCalcOkaya" version="1.0" runtime="0.71">
  </job>
  <job id="ID00089" namespace="CyberShake" name="SeismogramSynthesis" version="1.0" runtime="38.66">
  </job>
  <job id="ID00090" namespace="CyberShake" name="PeakValCalcOkaya" version="1.0" runtime="1.02">
  </job>
  <job id="ID00091" namespace="CyberShake" name="SeismogramSynthesis" version="1.0" runtime="64.13">
  </job>
  <job id="ID00092" namespace="CyberShake" name="PeakValCalcOkaya" version="1.0" runtime="0.71">
  </job>
  <job id="ID00093" namespace="CyberShake" name="SeismogramSynthesis" version="1.0" runtime="48.62">
  </job>
  <job id="ID00094" namespace="CyberShake" name="PeakValCalcOkaya" version="1.0" runtime="0.99">
  </job>
  <job id="ID00095" namespace="CyberShake" name="SeismogramSynthesis" version="1.0" runtime="27.10">
  </job>
  <job id="ID00096" namespace="CyberShake" name="PeakValCalcOkaya" version="1.0" runtime="1.59">
  </job>
  <job id="ID00097" namespace="CyberShake" name="SeismogramSynthesis" version="1.0" runtime="45.75">
  </job>
  <job id="ID00098" namespace="CyberShake" name="PeakValCalcOkaya" version="1.0" runtime="0.59">
  </job>
  <job id="ID00099" namespace="CyberShake" name="SeismogramSynthesis" version="1.0" runtime="32.42">
  </job>
  <job id="ID00100" namespace="CyberShake" name="PeakValCalcOkaya" version="1.0" runtime="1.02">
  </job>
  <job id="ID00101" namespace="CyberShake" name="SeismogramSynthesis" version="1.0" runtime="49.56">
  </job>
  <job id="ID00102" namespace="CyberShake" name="PeakValCalcOkaya" version="1.0" runtime="0.86">
  </job>
  <job id="ID00103" namespace="CyberShake" name="SeismogramSynthesis" version="1.0" runtime="56.18">
  </job>
  <job id="ID00104" namespace="CyberShake" name="PeakValCalcOkaya" version="1.0" runtime="1.57">
  </job>
  <job id="ID00105" namespace="CyberShake" name="SeismogramSynthesis" version="1.0" runtime="59.71">
  </job>
  <job id="ID00106" namespace="CyberShake" name="PeakValCalcOkaya" version="1.0" runtime="0.99">
  </job>
  <job id="ID00107" namespace="CyberShake" name="SeismogramSynthesis" version="1.0" runtime="45.85">
  </job>
  <job id="ID00108" namespace="CyberShake" name="PeakValCalcOkaya" version="1.0" runtime="1.10">
  </job>
  <job id="ID00109" namespace="CyberShake" name="SeismogramSynthesis" version="1.0" runtime="62.76">
  </job>
  <job id="ID00110" namespace="CyberShake" name="PeakValCalcOkaya" version="1.0" runtime="0.84">
  </job>
  <job id="ID00111" namespace="CyberShake" name="ExtractSGT" version="1.0" runtime="161.57">
  </job>
  <job id="ID00112" namespace="CyberShake" name="SeismogramSynthesis" version="1.0" runtime="48.70">
  </job>
  <job id="ID00113" namespace="CyberShake" name="PeakValCalcOkaya" version="1.0" runtime="1.01">
  </job>
  <job id="ID00114" namespace="CyberShake" name="SeismogramSynthesis" version="1.0" runtime="58.48">
  </job>
  <job id="ID00115" namespace="CyberShake" name="PeakValCalcOkaya" version="1.0" runtime="0.81">
  </job>
  <job id="ID00116" namespace="CyberShake" name="SeismogramSynthesis" version="1.0" runtime="28.59">
  </job>
  <job id="ID00117" namespace="CyberShake" name="PeakValCalcOkaya" version="1.0" runtime="1.12">
  </job>
  <job id="ID00118" namespace="CyberShake" name="SeismogramSynthesis" version="1.0" runtime="40.95">
  </job>
  <job id="ID00119" namespace="CyberShake" name="PeakValCalcOkaya" version="1.0" runtime="1.62">
  </job>
  <job id="ID00120" namespace="CyberShake" name="SeismogramSynthesis" version="1.0" runtime="56.68">
  </job>
  <job id="ID00121" namespace="CyberShake" name="PeakValCalcOkaya" version="1.0" runtime="1.59">
  </job>
  <job id="ID00122" namespace="CyberShake" name="SeismogramSynthesis" version="1.0" runtime="30.07">
  </job>
  <job id="ID00123" namespace="CyberShake" name="PeakValCalcOkaya" version="1.0" runtime="1.34">
  </job>
  <job id="ID00124" namespace="CyberShake" name="SeismogramSynthesis" version="1.0" runtime="52.02">
  </job>
  <job id="ID00125" namespace="CyberShake" name="PeakValCalcOkaya" version="1.0" runtime="0.97">
  </job>
  <job id="ID00126" namespace="CyberShake" name="SeismogramSynthesis" version="1.0" runtime="31.05">
  </job>
  <job id="ID00127" namespace="CyberShake" name="PeakValCalcOkaya" version="1.0" runtime="0.85">
  </job>
  <job id="ID00128" namespace="CyberShake" name="SeismogramSynthesis" version="1.0" runtime="53.50">
  </job>
  <job id="ID00129" namespace="CyberShake" name="PeakValCalcOkaya" version="1.0" runtime="1.39">
  </job>
  <job id="ID00130" namespace="CyberShake" name="SeismogramSynthesis" version="1.0" runtime="44.67">
  </job>
  <job id="ID00131" namespace="CyberShake" name="PeakValCalcOkaya" version="1.0" runtime="1.58">
  </job>
  <job id="ID00132" namespace="CyberShake" name="SeismogramSynthesis" version="1.0" runtime="63.63">
  </job>
  <job id="ID00133" namespace="CyberShake" name="PeakValCalcOkaya" version="1.0" runtime="1.23">
  </job>
  <job id="ID00134" namespace="CyberShake" name="SeismogramSynthesis" version="1.0" runtime="63.00">
  </job>
  <job id="ID00135" namespace="CyberShake" name="PeakValCalcOkaya" version="1.0" runtime="1.15">
  </job>
  <job id="ID00136" namespace="CyberShake" name="SeismogramSynthesis" version="1.0" runtime="28.56">
  </job>
  <job id="ID00137" namespace="CyberShake" name="PeakValCalcOkaya" version="1.0" runtime="1.17">
  </job>
  <job id="ID00138" namespace="CyberShake" name="SeismogramSynthesis" version="1.0" runtime="54.67">
  </job>
  <job id="ID00139" namespace="CyberShake" name="PeakValCalcOkaya" version="1.0" runtime="1.15">
  </job>
  <job id="ID00140" namespace="CyberShake" name="SeismogramSynthesis" version="1.0" runtime="60.14">
  </job>
  <job id="ID00141" namespace="CyberShake" name="PeakValCalcOkaya" version="1.0" runtime="0.74">
  </job>
  <job id="ID00142" namespace="CyberShake" name="SeismogramSynthesis" version="1.0" runtime="53.70">
  </job>
  <job id="ID00143" namespace="CyberShake" name="PeakValCalcOkaya" version="1.0" runtime="1.36">
  </job>
  <job id="ID00144" namespace="CyberShake" name="SeismogramSynthesis" version="1.0" runtime="60.29">
  </job>
  <job id="ID00145" namespace="CyberShake" name="PeakValCalcOkaya" version="1.0" runtime="0.99">
  </job>
  <job id="ID00146" namespace="CyberShake" name="SeismogramSynthesis" version="1.0" runtime="51.28">
  </job>
  <job id="ID00147" namespace="CyberShake" name="PeakValCalcOkaya" version="1.0" runtime="0.67">
  </job>
  <job id="ID00148" namespace="CyberShake" name="SeismogramSynthesis" version="1.0" runtime="33.07">
  </job>
  <job id="ID00149" namespace="CyberShake" name="PeakValCalcOkaya" version="1.0" runtime="0.61">
  </job>
  <job id="ID00150" namespace="CyberShake" name="SeismogramSynthesis" version="1.0" runtime="27.31">
  </job>
  <job id="ID00151" namespace="CyberShake" name="PeakValCalcOkaya" version="1.0" runtime="1.05">
  </job>
  <job id="ID00152" namespace="CyberShake" name="SeismogramSynthesis" version="1.0" runtime="54.80">
  </job>
  <job id="ID00153" namespace="CyberShake" name="PeakValCalcOkaya" version="1.0" runtime="0.96">
  </job>
  <job id="ID00154" namespace="CyberShake" name="SeismogramSynthesis" version="1.0" runtime="60.62">
  </job>
  <job id="ID00155" namespace="CyberShake" name="PeakValCalcOkaya" version="1.0" runtime="1.06">
  </job>
  <job id="ID00156" namespace="CyberShake" name="SeismogramSynthesis" version="1.0" runtime="51.37">
  </job>
  <job id="ID00157" namespace="CyberShake" name="PeakValCalcOkaya" version="1.0" runtime="0.88">
  </job>
  <job id="ID00158" namespace="CyberShake" name="SeismogramSynthesis" version="1.0" runtime="55.68">
  </job>
  <job id="ID00159" namespace="CyberShake" name="PeakValCalcOkaya" version="1.0" runtime="1.42">
  </job>
  <job id="ID00160" namespace="CyberShake" name="SeismogramSynthesis" version="1.0" runtime="53.80">
  </job>
  <job id="ID00161" namespace="CyberShake" name="PeakValCalcOkaya" version="1.0" runtime="1.13">
  </job>
  <job id="ID00162" namespace="CyberShake" name="SeismogramSynthesis" version="1.0" runtime="47.41">
  </job>
  <job id="ID00163" namespace="CyberShake" name="PeakValCalcOkaya" version="1.0" runtime="0.86">
  </job>
  <job id="ID00164" namespace="CyberShake" name="SeismogramSynthesis" version="1.0" runtime="47.13">
  </job>
  <job id="ID00165" namespace="CyberShake" name="PeakValCalcOkaya" version="1.0" runtime="1.00">
  </job>
  <job id="ID00166" namespace="CyberShake" name="SeismogramSynthesis" version="1.0" runtime="21.89">
  </job>
  <job id="ID00167" namespace="CyberShake" name="PeakValCalcOkaya" version="1.0" runtime="1.49">
  </job>
  <job id="ID00168" namespace="CyberShake" name="SeismogramSynthesis" version="1.0" runtime="63.32">
  </job>
  <job id="ID00169" namespace="CyberShake" name="PeakValCalcOkaya" version="1.0" runtime="1.30">
  </job>
  <job id="ID00170" namespace="CyberShake" name="SeismogramSynthesis" version="1.0" runtime="58.10">
  </job>
  <job id="ID00171" namespace="CyberShake" name="PeakValCalcOkaya" version="1.0" runtime="1.42">
  </job>
  <job id="ID00172" namespace="CyberShake" name="SeismogramSynthesis" version="1.0" runtime="53.93">
  </job>
  <job id="ID00173" namespace="CyberShake" name="PeakValCalcOkaya" version="1.0" runtime="1.62">
  </job>
  <job id="ID00174" namespace="CyberShake" name="SeismogramSynthesis" version="1.0" runtime="42.49">
  </job>
  <job id="ID00175" namespace="CyberShake" name="PeakValCalcOkaya" version="1.0" runtime="1.57">
  </job>
  <job id="ID00176" namespace="CyberShake" name="SeismogramSynthesis" version="1.0" runtime="55.54">
  </job>
  <job id="ID00177" namespace="CyberShake" name="PeakValCalcOkaya" version="1.0" runtime="1.12">
  </job>
  <job id="ID00178" namespace="CyberShake" name="SeismogramSynthesis" version="1.0" runtime="58.78">
  </job>
  <job id="ID00179" namespace="CyberShake" name="PeakValCalcOkaya" version="1.0" runtime="1.02">
  </job>
  <job id="ID00180" namespace="CyberShake" name="SeismogramSynthesis" version="1.0" runtime="37.66">
  </job>
  <job id="ID00181" namespace="CyberShake" name="PeakValCalcOkaya" version="1.0" runtime="1.16">
  </job>
  <job id="ID00182" namespace="CyberShake" name="SeismogramSynthesis" version="1.0" runtime="33.58">
  </job>
  <job id="ID00183" namespace="CyberShake" name="PeakValCalcOkaya" version="1.0" runtime="0.63">
  </job>
  <job id="ID00184" namespace="CyberShake" name="SeismogramSynthesis" version="1.0" runtime="63.76">
  </job>
  <job id="ID00185" namespace="CyberShake" name="PeakValCalcOkaya" version="1.0" runtime="1.32">
  </job>
  <job id="ID00186" namespace="CyberShake" name="SeismogramSynthesis" version="1.0" runtime="35.52">
  </job>
  <job id="ID00187" namespace="CyberShake" name="PeakValCalcOkaya" version="1.0" runtime="0.80">
  </job>
  <job id="ID00188" namespace="CyberShake" name="SeismogramSynthesis" version="1.0" runtime="61.17">
  </job>
  <job id="ID00189" namespace="CyberShake" name="PeakValCalcOkaya" version="1.0" runtime="0.83">
  </job>
  <job id="ID00190" namespace="CyberShake" name="SeismogramSynthesis" version="1.0" runtime="39.32">
  </job>
  <job id="ID00191" namespace="CyberShake" name="PeakValCalcOkaya" version="1.0" runtime="0.77">
  </job>
  <job id="ID00192" namespace="CyberShake" name="SeismogramSynthesis" version="1.0" runtime="62.22">
  </job>
  <job id="ID00193" namespace="CyberShake" name="PeakValCalcOkaya" version="1.0" runtime="1.50">
  </job>
  <job id="ID00194" namespace="CyberShake" name="SeismogramSynthesis" version="1.0" runtime="52.82">
  </job>
  <job id="ID00195" namespace="CyberShake" name="PeakValCalcOkaya" version="1.0" runtime="1.48">
  </job>
  <job id="ID00196" namespace="CyberShake" name="SeismogramSynthesis" version="1.0" runtime="57.55">
  </job>
  <job id="ID00197" namespace="CyberShake" name="PeakValCalcOkaya" version="1.0" runtime="0.63">
  </job>
  <job id="ID00198" namespace="CyberShake" name="SeismogramSynthesis" version="1.0" runtime="40.04">
  </job>
  <job id="ID00199" namespace="CyberShake" name="PeakValCalcOkaya" version="1.0" runtime="0.75">
  </job>
  <job id="ID00200" namespace="CyberShake" name="SeismogramSynthesis" version="1.0" runtime="29.44">
  </job>
  <job id="ID00201" namespace="CyberShake" name="PeakValCalcOkaya" version="1.0" runtime="0.94">
  </job>
  <job id="ID00202" namespace="CyberShake" name="SeismogramSynthesis" version="1.0" runtime="24.71">
  </job>
  <job id="ID00203" namespace="CyberShake" name="PeakValCalcOkaya" version="1.0" runtime="1.34">
  </job>
  <job id="ID00204" namespace="CyberShake" name="SeismogramSynthesis" version="1.0" runtime="61.45">
  </job>
  <job id="ID00205" namespace="CyberShake" name="PeakValCalcOkaya" version="1.0" runtime="1.57">
  </job>
  <job id="ID00206" namespace="CyberShake" name="SeismogramSynthesis" version="1.0" runtime="46.61">
  </job>
  <job id="ID00207" namespace="CyberShake" name="PeakValCalcOkaya" version="1.0" runtime="0.65">
  </job>
  <job id="ID00208" namespace="CyberShake" name="SeismogramSynthesis" version="1.0" runtime="22.85">
  </job>
  <job id="ID00209" namespace="CyberShake" name="PeakValCalcOkaya" version="1.0" runtime="1.50">
  </job>
  <job id="ID00210" namespace="CyberShake" name="SeismogramSynthesis" version="1.0" runtime="60.87">
  </job>
  <job id="ID00211" namespace="CyberShake" name="PeakValCalcOkaya" version="1.0" runtime="1.33">
  </job>
  <job id="ID00212" namespace="CyberShake" name="SeismogramSynthesis" version="1.0" runtime="55.76">
  </job>
  <job id="ID00213" namespace="CyberShake" name="PeakValCalcOkaya" version="1.0" runtime="0.88">
  </job>
  <job id="ID00214" namespace="CyberShake" name="SeismogramSynthesis" version="1.0" runtime="30.36">
  </job>
  <job id="ID00215" namespace="CyberShake" name="PeakValCalcOkaya" version="1.0" runtime="0.84">
  </job>
  <job id="ID00216" namespace="CyberShake" name="SeismogramSynthesis" version="1.0" runtime="30.30">
  </job>
  <job id="ID00217" namespace="CyberShake" name="PeakValCalcOkaya" version="1.0" runtime="0.82">
  </job>
  <job id="ID00218" namespace="CyberShake" name="SeismogramSynthesis" version="1.0" runtime="38.25">
  </job>
  <job id="ID00219" namespace="CyberShake" name="PeakValCalcOkaya" version="1.0" runtime="0.86">
  </job>
  <job id="ID00220" namespace="CyberShake" name="SeismogramSynthesis" version="1.0" runtime="56.00">
  </job>
  <job id="ID00221" namespace="CyberShake" name="PeakValCalcOkaya" version="1.0" runtime="0.67">
  </job>
  <job id="ID00222" namespace="CyberShake" name="SeismogramSynthesis" version="1.0" runtime="36.57">
  </job>
  <job id="ID00223" namespace="CyberShake" name="PeakValCalcOkaya" version="1.0" runtime="0.99">
  </job>
  <job id="ID00224" namespace="CyberShake" name="ExtractSGT" version="1.0" runtime="183.60">
  </job>
  <job id="ID00225" namespace="CyberShake" name="SeismogramSynthesis" version="1.0" runtime="64.79">
  </job>
  <job id="ID00226" namespace="CyberShake" name="PeakValCalcOkaya" version="1.0" runtime="0.93">
  </job>
  <job id="ID00227" namespace="CyberShake" name="SeismogramSynthesis" version="1.0" runtime="57.45">
  </job>
  <job id="ID00228" namespace="CyberShake" name="PeakValCalcOkaya" version="1.0" runtime="1.04">
  </job>
  <job id="ID00229" namespace="CyberShake" name="SeismogramSynthesis" version="1.0" runtime="30.57">
  </job>
  <job id="ID00230" namespace="CyberShake" name="PeakValCalcOkaya" version="1.0" runtime="1.32">
  </job>
  <job id="ID00231" namespace="CyberShake" name="SeismogramSynthesis" version="1.0" runtime="58.79">
  </job>
  <job id="ID00232" namespace="CyberShake" name="PeakValCalcOkaya" version="1.0" runtime="1.60">
  </job>
  <job id="ID00233" namespace="CyberShake" name="SeismogramSynthesis" version="1.0" runtime="57.73">
  </job>
  <job id="ID00234" namespace="CyberShake" name="PeakValCalcOkaya" version="1.0" runtime="0.61">
  </job>
  <job id="ID00235" namespace="CyberShake" name="SeismogramSynthesis" version="1.0" runtime="33.29">
  </job>
  <job id="ID00236" namespace="CyberShake" name="PeakValCalcOkaya" version="1.0" runtime="0.84">
  </job>
  <job id="ID00237" namespace="CyberShake" name="SeismogramSynthesis" version="1.0" runtime="47.72">
  </job>
  <job id="ID00238" namespace="CyberShake" name="PeakValCalcOkaya" version="1.0" runtime="1.41">
  </job>
  <job id="ID00239" namespace="CyberShake" name="SeismogramSynthesis" version="1.0" runtime="46.83">
  </job>
  <job id="ID00240" namespace="CyberShake" name="PeakValCalcOkaya" version="1.0" runtime="1.62">
  </job>
  <job id="ID00241" namespace="CyberShake" name="SeismogramSynthesis" version="1.0" runtime="38.59">
  </job>
  <job id="ID00242" namespace="CyberShake" name="PeakValCalcOkaya" version="1.0" runtime="1.58">
  </job>
  <job id="ID00243" namespace="CyberShake" name="SeismogramSynthesis" version="1.0" runtime="27.29">
  </job>
  <job id="ID00244" namespace="CyberShake" name="PeakValCalcOkaya" version="1.0" runtime="1.14">
  </job>
  <job id="ID00245" namespace="CyberShake" name="SeismogramSynthesis" version="1.0" runtime="62.55">
  </job>
  <job id="ID00246" namespace="CyberShake" name="PeakValCalcOkaya" version="1.0" runtime="0.90">
  </job>
  <job id="ID00247" namespace="CyberShake" name="SeismogramSynthesis" version="1.0" runtime="59.36">
  </job>
  <job id="ID00248" namespace="CyberShake" name="PeakValCalcOkaya" version="1.0" runtime="1.12">
  </job>
  <job id="ID00249" namespace="CyberShake" name="SeismogramSynthesis" version="1.0" runtime="24.00">
  </job>
  <job id="ID00250" namespace="CyberShake" name="PeakValCalcOkaya" version="1.0" runtime="0.72">
  </job>
  <job id="ID00251" namespace="CyberShake" name="SeismogramSynthesis" version="1.0" runtime="62.15">
  </job>
  <job id="ID00252" namespace="CyberShake" name="PeakValCalcOkaya" version="1.0" runtime="1.15">
  </job>
  <job id="ID00253" namespace="CyberShake" name="SeismogramSynthesis" version="1.0" runtime="30.43">
  </job>
  <job id="ID00254" namespace="CyberShake" name="PeakValCalcOkaya" version="1.0" runtime="0.61">
  </job>
  <job id="ID00255" namespace="CyberShake" name="SeismogramSynthesis" version="1.0" runtime="47.49">
  </job>
  <job id="ID00256" namespace="CyberShake" name="PeakValCalcOkaya" version="1.0" runtime="1.46">
  </job>
  <job id="ID00257" namespace="CyberShake" name="SeismogramSynthesis" version="1.0" runtime="38.70">
  </job>
  <job id="ID00258" namespace="CyberShake" name="PeakValCalcOkaya" version="1.0" runtime="0.97">
  </job>
  <job id="ID00259" namespace="CyberShake" name="SeismogramSynthesis" version="1.0" runtime="62.41">
  </job>
  <job id="ID00260" namespace="CyberShake" name="PeakValCalcOkaya" version="1.0" runtime="0.80">
  </job>
  <job id="ID00261" namespace="CyberShake" name="SeismogramSynthesis" version="1.0" runtime="57.78">
  </job>
  <job id="ID00262" namespace="CyberShake" name="PeakValCalcOkaya" version="1.0" runtime="1.36">
  </job>
  <job id="ID00263" namespace="CyberShake" name="SeismogramSynthesis" version="1.0" runtime="24.14">
  </job>
  <job id="ID00264" namespace="CyberShake" name="PeakValCalcOkaya" version="1.0" runtime="1.46">
  </job>
  <job id="ID00265" namespace="CyberShake" name="SeismogramSynthesis" version="1.0" runtime="35.53">
  </job>
  <job id="ID00266" namespace="CyberShake" name="PeakValCalcOkaya" version="1.0" runtime="0.85">
  </job>
  <job id="ID00267" namespace="CyberShake" name="SeismogramSynthesis" version="1.0" runtime="52.76">
  </job>
  <job id="ID00268" namespace="CyberShake" name="PeakValCalcOkaya" version="1.0" runtime="0.60">
  </job>
  <job id="ID00269" namespace="CyberShake" name="SeismogramSynthesis" version="1.0" runtime="33.19">
  </job>
  <job id="ID00270" namespace="CyberShake" name="PeakValCalcOkaya" version="1.0" runtime="1.25">
  </job>
  <job id="ID00271" namespace="CyberShake" name="SeismogramSynthesis" version="1.0" runtime="39.20">
  </job>
  <job id="ID00272" namespace="CyberShake" name="PeakValCalcOkaya" version="1.0" runtime="1.47">
  </job>
  <job id="ID00273" namespace="CyberShake" name="SeismogramSynthesis" version="1.0" runtime="45.14">
  </job>
  <job id="ID00274" namespace="CyberShake" name="PeakValCalcOkaya" version="1.0" runtime="0.97">
  </job>
  <job id="ID00275" namespace="CyberShake" name="SeismogramSynthesis" version="1.0" runtime="53.17">
  </job>
  <job id="ID00276" namespace="CyberShake" name="PeakValCalcOkaya" version="1.0" runtime="0.74">
  </job>
  <job id="ID00277" namespace="CyberShake" name="SeismogramSynthesis" version="1.0" runtime="37.35">
  </job>
  <job id="ID00278" namespace="CyberShake" name="PeakValCalcOkaya" version="1.0" runtime="1.09">
  </job>
  <job id="ID00279" namespace="CyberShake" name="SeismogramSynthesis" version="1.0" runtime="38.02">
  </job>
  <job id="ID00280" namespace="CyberShake" name="PeakValCalcOkaya" version="1.0" runtime="1.18">
  </job>
  <job id="ID00281" namespace="CyberShake" name="SeismogramSynthesis" version="1.0" runtime="28.26">
  </job>
  <job id="ID00282" namespace="CyberShake" name="PeakValCalcOkaya" version="1.0" runtime="1.44">
  </job>
  <job id="ID00283" namespace="CyberShake" name="SeismogramSynthesis" version="1.0" runtime="44.03">
  </job>
  <job id="ID00284" namespace="CyberShake" name="PeakValCalcOkaya" version="1.0" runtime="1.48">
  </job>
  <job id="ID00285" namespace="CyberShake" name="SeismogramSynthesis" version="1.0" runtime="22.12">
  </job>
  <job id="ID00286" namespace="CyberShake" name="PeakValCalcOkaya" version="1.0" runtime="1.26">
  </job>
  <job id="ID00287" namespace="CyberShake" name="SeismogramSynthesis" version="1.0" runtime="26.23">
  </job>
  <job id="ID00288" namespace="CyberShake" name="PeakValCalcOkaya" version="1.0" runtime="0.70">
  </job>
  <job id="ID00289" namespace="CyberShake" name="SeismogramSynthesis" version="1.0" runtime="55.01">
  </job>
  <job id="ID00290" namespace="CyberShake" name="PeakValCalcOkaya" version="1.0" runtime="0.64">
  </job>
  <job id="ID00291" namespace="CyberShake" name="SeismogramSynthesis" version="1.0" runtime="26.05">
  </job>
  <job id="ID00292" namespace="CyberShake" name="PeakValCalcOkaya" version="1.0" runtime="1.15">
  </job>
  <job id="ID00293" namespace="CyberShake" name="SeismogramSynthesis" version="1.0" runtime="47.88">
  </job>
  <job id="ID00294" namespace="CyberShake" name="PeakValCalcOkaya" version="1.0" runtime="0.58">
  </job>
  <job id="ID00295" namespace="CyberShake" name="SeismogramSynthesis" version="1.0" runtime="57.43">
  </job>
  <job id="ID00296" namespace="CyberShake" name="PeakValCalcOkaya" version="1.0" runtime="0.73">
  </job>
  <job id="ID00297" namespace="CyberShake" name="SeismogramSynthesis" version="1.0" runtime="54.12">
  </job>
  <job id="ID00298" namespace="CyberShake" name="PeakValCalcOkaya" version="1.0" runtime="1.19">
  </job>
  <job id="ID00299" namespace="CyberShake" name="SeismogramSynthesis" version="1.0" runtime="62.91">
  </job>
  <job id="ID00300" namespace="CyberShake" name="PeakValCalcOkaya" version="1.0" runtime="1.29">
  </job>
  <job id="ID00301" namespace="CyberShake" name="SeismogramSynthesis" version="1.0" runtime="31.04">
  </job>
  <job id="ID00302" namespace="CyberShake" name="PeakValCalcOkaya" version="1.0" runtime="1.53">
  </job>
  <job id="ID00303" namespace="CyberShake" name="SeismogramSynthesis" version="1.0" runtime="31.51">
  </job>
  <job id="ID00304" namespace="CyberShake" name="PeakValCalcOkaya" version="1.0" runtime="0.56">
  </job>
  <job id="ID00305" namespace="CyberShake" name="SeismogramSynthesis" version="1.0" runtime="37.50">
  </job>
  <job id="ID00306" namespace="CyberShake" name="PeakValCalcOkaya" version="1.0" runtime="0.78">
  </job>
  <job id="ID00307" namespace="CyberShake" name="SeismogramSynthesis" version="1.0" runtime="54.96">
  </job>
  <job id="ID00308" namespace="CyberShake" name="PeakValCalcOkaya" version="1.0" runtime="1.05">
  </job>
  <job id="ID00309" namespace="CyberShake" name="SeismogramSynthesis" version="1.0" runtime="22.61">
  </job>
  <job id="ID00310" namespace="CyberShake" name="PeakValCalcOkaya" version="1.0" runtime="0.92">
  </job>
  <job id="ID00311" namespace="CyberShake" name="SeismogramSynthesis" version="1.0" runtime="58.89">
  </job>
  <job id="ID00312" namespace="CyberShake" name="PeakValCalcOkaya" version="1.0" runtime="1.34">
  </job>
  <job id="ID00313" namespace="CyberShake" name="SeismogramSynthesis" version="1.0" runtime="38.97">
  </job>
  <job id="ID00314" namespace="CyberShake" name="PeakValCalcOkaya" version="1.0" runtime="0.99">
  </job>
  <job id="ID00315" namespace="CyberShake" name="SeismogramSynthesis" version="1.0" runtime="53.70">
  </job>
  <job id="ID00316" namespace="CyberShake" name="PeakValCalcOkaya" version="1.0" runtime="1.21">
  </job>
  <job id="ID00317" namespace="CyberShake" name="SeismogramSynthesis" version="1.0" runtime="64.90">
  </job>
  <job id="ID00318" namespace="CyberShake" name="PeakValCalcOkaya" version="1.0" runtime="1.37">
  </job>
  <job id="ID00319" namespace="CyberShake" name="SeismogramSynthesis" version="1.0" runtime="51.89">
  </job>
  <job id="ID00320" namespace="CyberShake" name="PeakValCalcOkaya" version="1.0" runtime="1.30">
  </job>
  <job id="ID00321" namespace="CyberShake" name="SeismogramSynthesis" version="1.0" runtime="43.48">
  </job>
  <job id="ID00322" namespace="CyberShake" name="PeakValCalcOkaya" version="1.0" runtime="1.16">
  </job>
  <job id="ID00323" namespace="CyberShake" name="SeismogramSynthesis" version="1.0" runtime="32.39">
  </job>
  <job id="ID00324" namespace="CyberShake" name="PeakValCalcOkaya" version="1.0" runtime="1.02">
  </job>
  <job id="ID00325" namespace="CyberShake" name="SeismogramSynthesis" version="1.0" runtime="35.66">
  </job>
  <job id="ID00326" namespace="CyberShake" name="PeakValCalcOkaya" version="1.0" runtime="0.81">
  </job>
  <job id="ID00327" namespace="CyberShake" name="SeismogramSynthesis" version="1.0" runtime="53.42">
  </job>
  <job id="ID00328" namespace="CyberShake" name="PeakValCalcOkaya" version="1.0" runtime="0.64">
  </job>
  <job id="ID00329" namespace="CyberShake" name="SeismogramSynthesis" version="1.0" runtime="63.95">
  </job>
  <job id="ID00330" namespace="CyberShake" name="PeakValCalcOkaya" version="1.0" runtime="1.57">
  </job>
  <job id="ID00331" namespace="CyberShake" name="SeismogramSynthesis" version="1.0" runtime="56.06">
  </job>
  <job id="ID00332" namespace="CyberShake" name="PeakValCalcOkaya" version="1.0" runtime="1.61">
  </job>
  <job id="ID00333" namespace="CyberShake" name="SeismogramSynthesis" version="1.0" runtime="43.42">
  </job>
  <job id="ID00334" namespace="CyberShake" name="PeakValCalcOkaya" version="1.0" runtime="1.04">
  </job>
  <job id="ID00335" namespace="CyberShake" name="SeismogramSynthesis" version="1.0" runtime="34.42">
  </job>
  <job id="ID00336" namespace="CyberShake" name="PeakValCalcOkaya" version="1.0" runtime="0.91">
  </job>
  <job id="ID00337" namespace="CyberShake" name="SeismogramSynthesis" version="1.0" runtime="48.33">
  </job>
  <job id="ID00338" namespace="CyberShake" name="PeakValCalcOkaya" version="1.0" runtime="0.79">
  </job>
  <job id="ID00339" namespace="CyberShake" name="SeismogramSynthesis" version="1.0" runtime="54.48">
  </job>
  <job id="ID00340" namespace="CyberShake" name="PeakValCalcOkaya" version="1.0" runtime="0.99">
  </job>
  <job id="ID00341" namespace="CyberShake" name="SeismogramSynthesis" version="1.0" runtime="38.20">
  </job>
  <job id="ID00342" namespace="CyberShake" name="PeakValCalcOkaya" version="1.0" runtime="0.62">
  </job>
  <job id="ID00343" namespace="CyberShake" name="SeismogramSynthesis" version="1.0" runtime="42.98">
  </job>
  <job id="ID00344" namespace="CyberShake" name="PeakValCalcOkaya" version="1.0" runtime="1.31">
  </job>
  <job id="ID00345" namespace="CyberShake" name="SeismogramSynthesis" version="1.0" runtime="63.21">
  </job>
  <job id="ID00346" namespace="CyberShake" name="PeakValCalcOkaya" version="1.0" runtime="1.19">
  </job>
  <job id="ID00347" namespace="CyberShake" name="SeismogramSynthesis" version="1.0" runtime="36.58">
  </job>
  <job id="ID00348" namespace="CyberShake" name="PeakValCalcOkaya" version="1.0" runtime="1.13">
  </job>
  <job id="ID00349" namespace="CyberShake" name="ExtractSGT" version="1.0" runtime="134.65">
  </job>
  <job id="ID00350" namespace="CyberShake" name="SeismogramSynthesis" version="1.0" runtime="22.54">
  </job>
  <job id="ID00351" namespace="CyberShake" name="PeakValCalcOkaya" version="1.0" runtime="0.73">
  </job>
  <job id="ID00352" namespace="CyberShake" name="SeismogramSynthesis" version="1.0" runtime="42.47">
  </job>
  <job id="ID00353" namespace="CyberShake" name="PeakValCalcOkaya" version="1.0" runtime="0.81">
  </job>
  <job id="ID00354" namespace="CyberShake" name="SeismogramSynthesis" version="1.0" runtime="26.50">
  </job>
  <job id="ID00355" namespace="CyberShake" name="PeakValCalcOkaya" version="1.0" runtime="1.06">
  </job>
  <job id="ID00356" namespace="CyberShake" name="SeismogramSynthesis" version="1.0" runtime="63.28">
  </job>
  <job id="ID00357" namespace="CyberShake" name="PeakValCalcOkaya" version="1.0" runtime="1.11">
  </job>
  <job id="ID00358" namespace="CyberShake" name="SeismogramSynthesis" version="1.0" runtime="55.27">
  </job>
  <job id="ID00359" namespace="CyberShake" name="PeakValCalcOkaya" version="1.0" runtime="1.02">
  </job>
  <job id="ID00360" namespace="CyberShake" name="SeismogramSynthesis" version="1.0" runtime="63.82">
  </job>
  <job id="ID00361" namespace="CyberShake" name="PeakValCalcOkaya" version="1.0" runtime="1.60">
  </job>
  <job id="ID00362" namespace="CyberShake" name="SeismogramSynthesis" version="1.0" runtime="54.04">
  </job>
  <job id="ID00363" namespace="CyberShake" name="PeakValCalcOkaya" version="1.0" runtime="1.61">
  </job>
  <job id="ID00364" namespace="CyberShake" name="SeismogramSynthesis" version="1.0" runtime="42.03">
  </job>
  <job id="ID00365" namespace="CyberShake" name="PeakValCalcOkaya" version="1.0" runtime="1.42">
  </job>
  <job id="ID00366" namespace="CyberShake" name="SeismogramSynthesis" version="1.0" runtime="27.06">
  </job>
  <job id="ID00367" namespace="CyberShake" name="PeakValCalcOkaya" version="1.0" runtime="1.32">
  </job>
  <job id="ID00368" namespace="CyberShake" name="SeismogramSynthesis" version="1.0" runtime="40.25">
  </job>
  <job id="ID00369" namespace="CyberShake" name="PeakValCalcOkaya" version="1.0" runtime="1.24">
  </job>
  <job id="ID00370" namespace="CyberShake" name="SeismogramSynthesis" version="1.0" runtime="42.58">
  </job>
  <job id="ID00371" namespace="CyberShake" name="PeakValCalcOkaya" version="1.0" runtime="0.81">
  </job>
  <job id="ID00372" namespace="CyberShake" name="SeismogramSynthesis" version="1.0" runtime="62.73">
  </job>
  <job id="ID00373" namespace="CyberShake" name="PeakValCalcOkaya" version="1.0" runtime="0.87">
  </job>
  <job id="ID00374" namespace="CyberShake" name="SeismogramSynthesis" version="1.0" runtime="41.33">
  </job>
  <job id="ID00375" namespace="CyberShake" name="PeakValCalcOkaya" version="1.0" runtime="1.50">
  </job>
  <job id="ID00376" namespace="CyberShake" name="SeismogramSynthesis" version="1.0" runtime="30.71">
  </job>
  <job id="ID00377" namespace="CyberShake" name="PeakValCalcOkaya" version="1.0" runtime="0.57">
  </job>
  <job id="ID00378" namespace="CyberShake" name="SeismogramSynthesis" version="1.0" runtime="47.41">
  </job>
  <job id="ID00379" namespace="CyberShake" name="PeakValCalcOkaya" version="1.0" runtime="1.16">
  </job>
  <job id="ID00380" namespace="CyberShake" name="SeismogramSynthesis" version="1.0" runtime="53.49">
  </job>
  <job id="ID00381" namespace="CyberShake" name="PeakValCalcOkaya" version="1.0" runtime="1.16">
  </job>
  <job id="ID00382" namespace="CyberShake" name="SeismogramSynthesis" version="1.0" runtime="41.60">
  </job>
  <job id="ID00383" namespace="CyberShake" name="PeakValCalcOkaya" version="1.0" runtime="0.56">
  </job>
  <job id="ID00384" namespace="CyberShake" name="SeismogramSynthesis" version="1.0" runtime="41.13">
  </job>
  <job id="ID00385" namespace="CyberShake" name="PeakValCalcOkaya" version="1.0" runtime="1.02">
  </job>
  <job id="ID00386" namespace="CyberShake" name="SeismogramSynthesis" version="1.0" runtime="54.98">
  </job>
  <job id="ID00387" namespace="CyberShake" name="PeakValCalcOkaya" version="1.0" runtime="1.10">
  </job>
  <job id="ID00388" namespace="CyberShake" name="SeismogramSynthesis" version="1.0" runtime="55.13">
  </job>
  <job id="ID00389" namespace="CyberShake" name="PeakValCalcOkaya" version="1.0" runtime="1.25">
  </job>
  <job id="ID00390" namespace="CyberShake" name="SeismogramSynthesis" version="1.0" runtime="26.07">
  </job>
  <job id="ID00391" namespace="CyberShake" name="PeakValCalcOkaya" version="1.0" runtime="0.87">
  </job>
  <job id="ID00392" namespace="CyberShake" name="SeismogramSynthesis" version="1.0" runtime="52.17">
  </job>
  <job id="ID00393" namespace="CyberShake" name="PeakValCalcOkaya" version="1.0" runtime="1.51">
  </job>
  <job id="ID00394" namespace="CyberShake" name="SeismogramSynthesis" version="1.0" runtime="60.54">
  </job>
  <job id="ID00395" namespace="CyberShake" name="PeakValCalcOkaya" version="1.0" runtime="0.83">
  </job>
  <job id="ID00396" namespace="CyberShake" name="SeismogramSynthesis" version="1.0" runtime="41.26">
  </job>
  <job id="ID00397" namespace="CyberShake" name="PeakValCalcOkaya" version="1.0" runtime="0.82">
  </job>
  <job id="ID00398" namespace="CyberShake" name="SeismogramSynthesis" version="1.0" runtime="29.45">
  </job>
  <job id="ID00399" namespace="CyberShake" name="PeakValCalcOkaya" version="1.0" runtime="0.59">
  </job>
  <job id="ID00400" namespace="CyberShake" name="SeismogramSynthesis" version="1.0" runtime="51.37">
  </job>
  <job id="ID00401" namespace="CyberShake" name="PeakValCalcOkaya" version="1.0" runtime="1.22">
  </job>
  <job id="ID00402" namespace="CyberShake" name="SeismogramSynthesis" version="1.0" runtime="38.22">
  </job>
  <job id="ID00403" namespace="CyberShake" name="PeakValCalcOkaya" version="1.0" runtime="1.32">
  </job>
  <job id="ID00404" namespace="CyberShake" name="SeismogramSynthesis" version="1.0" runtime="26.31">
  </job>
  <job id="ID00405" namespace="CyberShake" name="PeakValCalcOkaya" version="1.0" runtime="1.16">
  </job>
  <job id="ID00406" namespace="CyberShake" name="SeismogramSynthesis" version="1.0" runtime="27.28">
  </job>
  <job id="ID00407" namespace="CyberShake" name="PeakValCalcOkaya" version="1.0" runtime="0.65">
  </job>
  <job id="ID00408" namespace="CyberShake" name="SeismogramSynthesis" version="1.0" runtime="51.87">
  </job>
  <job id="ID00409" namespace="CyberShake" name="PeakValCalcOkaya" version="1.0" runtime="0.69">
  </job>
  <job id="ID00410" namespace="CyberShake" name="SeismogramSynthesis" version="1.0" runtime="47.12">
  </job>
  <job id="ID00411" namespace="CyberShake" name="PeakValCalcOkaya" version="1.0" runtime="1.52">
  </job>
  <job id="ID00412" namespace="CyberShake" name="SeismogramSynthesis" version="1.0" runtime="24.75">
  </job>
  <job id="ID00413" namespace="CyberShake" name="PeakValCalcOkaya" version="1.0" runtime="1.22">
  </job>
  <job id="ID00414" namespace="CyberShake" name="SeismogramSynthesis" version="1.0" runtime="47.16">
  </job>
  <job id="ID00415" namespace="CyberShake" name="PeakValCalcOkaya" version="1.0" runtime="0.61">
  </job>
  <job id="ID00416" namespace="CyberShake" name="SeismogramSynthesis" version="1.0" runtime="62.63">
  </job>
  <job id="ID00417" namespace="CyberShake" name="PeakValCalcOkaya" version="1.0" runtime="1.07">
  </job>
  <job id="ID00418" namespace="CyberShake" name="SeismogramSynthesis" version="1.0" runtime="47.53">
  </job>
  <job id="ID00419" namespace="CyberShake" name="PeakValCalcOkaya" version="1.0" runtime="1.05">
  </job>
  <job id="ID00420" namespace="CyberShake" name="SeismogramSynthesis" version="1.0" runtime="60.47">
  </job>
  <job id="ID00421" namespace="CyberShake" name="PeakValCalcOkaya" version="1.0" runtime="0.78">
  </job>
  <job id="ID00422" namespace="CyberShake" name="SeismogramSynthesis" version="1.0" runtime="21.98">
  </job>
  <job id="ID00423" namespace="CyberShake" name="PeakValCalcOkaya" version="1.0" runtime="1.20">
  </job>
  <job id="ID00424" namespace="CyberShake" name="SeismogramSynthesis" version="1.0" runtime="55.48">
  </job>
  <job id="ID00425" namespace="CyberShake" name="PeakValCalcOkaya" version="1.0" runtime="1.11">
  </job>
  <job id="ID00426" namespace="CyberShake" name="SeismogramSynthesis" version="1.0" runtime="60.57">
  </job>
  <job id="ID00427" namespace="CyberShake" name="PeakValCalcOkaya" version="1.0" runtime="1.19">
  </job>
  <job id="ID00428" namespace="CyberShake" name="SeismogramSynthesis" version="1.0" runtime="23.24">
  </job>
  <job id="ID00429" namespace="CyberShake" name="PeakValCalcOkaya" version="1.0" runtime="1.41">
  </job>
  <job id="ID00430" namespace="CyberShake" name="SeismogramSynthesis" version="1.0" runtime="33.00">
  </job>
  <job id="ID00431" namespace="CyberShake" name="PeakValCalcOkaya" version="1.0" runtime="1.19">
  </job>
  <job id="ID00432" namespace="CyberShake" name="SeismogramSynthesis" version="1.0" runtime="51.73">
  </job>
  <job id="ID00433" namespace="CyberShake" name="PeakValCalcOkaya" version="1.0" runtime="1.40">
  </job>
  <job id="ID00434" namespace="CyberShake" name="SeismogramSynthesis" version="1.0" runtime="63.97">
  </job>
  <job id="ID00435" namespace="CyberShake" name="PeakValCalcOkaya" version="1.0" runtime="0.64">
  </job>
  <job id="ID00436" namespace="CyberShake" name="SeismogramSynthesis" version="1.0" runtime="54.39">
  </job>
  <job id="ID00437" namespace="CyberShake" name="PeakValCalcOkaya" version="1.0" runtime="0.79">
  </job>
  <job id="ID00438" namespace="CyberShake" name="SeismogramSynthesis" version="1.0" runtime="37.89">
  </job>
  <job id="ID00439" namespace="CyberShake" name="PeakValCalcOkaya" version="1.0" runtime="0.83">
  </job>
  <job id="ID00440" namespace="CyberShake" name="SeismogramSynthesis" version="1.0" runtime="34.80">
  </job>
  <job id="ID00441" namespace="CyberShake" name="PeakValCalcOkaya" version="1.0" runtime="1.14">
  </job>
  <job id="ID00442" namespace="CyberShake" name="SeismogramSynthesis" version="1.0" runtime="49.05">
  </job>
  <job id="ID00443" namespace="CyberShake" name="PeakValCalcOkaya" version="1.0" runtime="1.02">
  </job>
  <job id="ID00444" namespace="CyberShake" name="SeismogramSynthesis" version="1.0" runtime="63.86">
  </job>
  <job id="ID00445" namespace="CyberShake" name="PeakValCalcOkaya" version="1.0" runtime="1.27">
  </job>
  <job id="ID00446" namespace="CyberShake" name="SeismogramSynthesis" version="1.0" runtime="50.89">
  </job>
  <job id="ID00447" namespace="CyberShake" name="PeakValCalcOkaya" version="1.0" runtime="1.60">
  </job>
  <job id="ID00448" namespace="CyberShake" name="SeismogramSynthesis" version="1.0" runtime="55.33">
  </job>
  <job id="ID00449" namespace="CyberShake" name="PeakValCalcOkaya" version="1.0" runtime="1.53">
  </job>
  <job id="ID00450" namespace="CyberShake" name="SeismogramSynthesis" version="1.0" runtime="51.05">
  </job>
  <job id="ID00451" namespace="CyberShake" name="PeakValCalcOkaya" version="1.0" runtime="0.74">
  </job>
  <job id="ID00452" namespace="CyberShake" name="SeismogramSynthesis" version="1.0" runtime="24.21">
  </job>
  <job id="ID00453" namespace="CyberShake" name="PeakValCalcOkaya" version="1.0" runtime="0.79">
  </job>
  <job id="ID00454" namespace="CyberShake" name="SeismogramSynthesis" version="1.0" runtime="57.39">
  </job>
  <job id="ID00455" namespace="CyberShake" name="PeakValCalcOkaya" version="1.0" runtime="1.16">
  </job>
  <job id="ID00456" namespace="CyberShake" name="SeismogramSynthesis" version="1.0" runtime="41.67">
  </job>
  <job id="ID00457" namespace="CyberShake" name="PeakValCalcOkaya" version="1.0" runtime="1.33">
  </job>
  <job id="ID00458" namespace="CyberShake" name="SeismogramSynthesis" version="1.0" runtime="54.52">
  </job>
  <job id="ID00459" namespace="CyberShake" name="PeakValCalcOkaya" version="1.0" runtime="1.03">
  </job>
  <job id="ID00460" namespace="CyberShake" name="SeismogramSynthesis" version="1.0" runtime="57.24">
  </job>
  <job id="ID00461" namespace="CyberShake" name="PeakValCalcOkaya" version="1.0" runtime="0.80">
  </job>
  <job id="ID00462" namespace="CyberShake" name="SeismogramSynthesis" version="1.0" runtime="26.77">
  </job>
  <job id="ID00463" namespace="CyberShake" name="PeakValCalcOkaya" version="1.0" runtime="0.58">
  </job>
  <job id="ID00464" namespace="CyberShake" name="SeismogramSynthesis" version="1.0" runtime="36.71">
  </job>
  <job id="ID00465" namespace="CyberShake" name="PeakValCalcOkaya" version="1.0" runtime="0.76">
  </job>
  <job id="ID00466" namespace="CyberShake" name="SeismogramSynthesis" version="1.0" runtime="49.71">
  </job>
  <job id="ID00467" namespace="CyberShake" name="PeakValCalcOkaya" version="1.0" runtime="1.02">
  </job>
  <job id="ID00468" namespace="CyberShake" name="SeismogramSynthesis" version="1.0" runtime="50.21">
  </job>
  <job id="ID00469" namespace="CyberShake" name="PeakValCalcOkaya" version="1.0" runtime="0.73">
  </job>
  <job id="ID00470" namespace="CyberShake" name="SeismogramSynthesis" version="1.0" runtime="40.54">
  </job>
  <job id="ID00471" namespace="CyberShake" name="PeakValCalcOkaya" version="1.0" runtime="0.58">
  </job>
  <job id="ID00472" namespace="CyberShake" name="SeismogramSynthesis" version="1.0" runtime="57.27">
  </job>
  <job id="ID00473" namespace="CyberShake" name="PeakValCalcOkaya" version="1.0" runtime="1.44">
  </job>
  <job id="ID00474" namespace="CyberShake" name="SeismogramSynthesis" version="1.0" runtime="26.30">
  </job>
  <job id="ID00475" namespace="CyberShake" name="PeakValCalcOkaya" version="1.0" runtime="1.15">
  </job>
  <job id="ID00476" namespace="CyberShake" name="SeismogramSynthesis" version="1.0" runtime="38.85">
  </job>
  <job id="ID00477" namespace="CyberShake" name="PeakValCalcOkaya" version="1.0" runtime="1.48">
  </job>
  <job id="ID00478" namespace="CyberShake" name="SeismogramSynthesis" version="1.0" runtime="53.73">
  </job>
  <job id="ID00479" namespace="CyberShake" name="PeakValCalcOkaya" version="1.0" runtime="1.52">
  </job>
  <job id="ID00480" namespace="CyberShake" name="SeismogramSynthesis" version="1.0" runtime="64.55">
  </job>
  <job id="ID00481" namespace="CyberShake" name="PeakValCalcOkaya" version="1.0" runtime="0.65">
  </job>
  <job id="ID00482" namespace="CyberShake" name="SeismogramSynthesis" version="1.0" runtime="46.41">
  </job>
  <job id="ID00483" namespace="CyberShake" name="PeakValCalcOkaya" version="1.0" runtime="0.81">
  </job>
  <job id="ID00484" namespace="CyberShake" name="SeismogramSynthesis" version="1.0" runtime="30.32">
  </job>
  <job id="ID00485" namespace="CyberShake" name="PeakValCalcOkaya" version="1.0" runtime="1.08">
  </job>
  <job id="ID00486" namespace="CyberShake" name="SeismogramSynthesis" version="1.0" runtime="53.71">
  </job>
  <job id="ID00487" namespace="CyberShake" name="PeakValCalcOkaya" version="1.0" runtime="0.79">
  </job>
  <job id="ID00488" namespace="CyberShake" name="SeismogramSynthesis" version="1.0" runtime="26.67">
  </job>
  <job id="ID00489" namespace="CyberShake" name="PeakValCalcOkaya" version="1.0" runtime="0.96">
  </job>
  <job id="ID00490" namespace="CyberShake" name="SeismogramSynthesis" version="1.0" runtime="26.00">
  </job>
  <job id="ID00491" namespace="CyberShake" name="PeakValCalcOkaya" version="1.0" runtime="0.98">
  </job>
  <job id="ID00492" namespace="CyberShake" name="SeismogramSynthesis" version="1.0" runtime="64.58">
  </job>
  <job id="ID00493" namespace="CyberShake" name="PeakValCalcOkaya" version="1.0" runtime="1.61">
  </job>
  <job id="ID00494" namespace="CyberShake" name="SeismogramSynthesis" version="1.0" runtime="26.19">
  </job>
  <job id="ID00495" namespace="CyberShake" name="PeakValCalcOkaya" version="1.0" runtime="0.67">
  </job>
  <job id="ID00496" namespace="CyberShake" name="SeismogramSynthesis" version="1.0" runtime="22.52">
  </job>
  <job id="ID00497" namespace="CyberShake" name="PeakValCalcOkaya" version="1.0" runtime="1.43">
  </job>
  <job id="ID00498" namespace="CyberShake" name="SeismogramSynthesis" version="1.0" runtime="53.00">
  </job>
  <job id="ID00499" namespace="CyberShake" name="PeakValCalcOkaya" version="1.0" runtime="0.55">
  </job>
<!-- part 3: list of control-flow dependencies (may be empty) -->
  <child ref="ID00000">
    <parent ref="ID00280"/>
    <parent ref="ID00048"/>
    <parent ref="ID00169"/>
    <parent ref="ID00042"/>
    <parent ref="ID00163"/>
    <parent ref="ID00284"/>
    <parent ref="ID00040"/>
    <parent ref="ID00161"/>
    <parent ref="ID00282"/>
    <parent ref="ID00046"/>
    <parent ref="ID00167"/>
    <parent ref="ID00288"/>
    <parent ref="ID00044"/>
    <parent ref="ID00165"/>
    <parent ref="ID00286"/>
    <parent ref="ID00038"/>
    <parent ref="ID00159"/>
    <parent ref="ID00036"/>
    <parent ref="ID00157"/>
    <parent ref="ID00278"/>
    <parent ref="ID00399"/>
    <parent ref="ID00030"/>
    <parent ref="ID00151"/>
    <parent ref="ID00272"/>
    <parent ref="ID00393"/>
    <parent ref="ID00270"/>
    <parent ref="ID00391"/>
    <parent ref="ID00034"/>
    <parent ref="ID00155"/>
    <parent ref="ID00276"/>
    <parent ref="ID00397"/>
    <parent ref="ID00032"/>
    <parent ref="ID00153"/>
    <parent ref="ID00274"/>
    <parent ref="ID00395"/>
    <parent ref="ID00028"/>
    <parent ref="ID00149"/>
    <parent ref="ID00026"/>
    <parent ref="ID00147"/>
    <parent ref="ID00268"/>
    <parent ref="ID00389"/>
    <parent ref="ID00020"/>
    <parent ref="ID00141"/>
    <parent ref="ID00262"/>
    <parent ref="ID00383"/>
    <parent ref="ID00260"/>
    <parent ref="ID00381"/>
    <parent ref="ID00024"/>
    <parent ref="ID00145"/>
    <parent ref="ID00266"/>
    <parent ref="ID00387"/>
    <parent ref="ID00022"/>
    <parent ref="ID00143"/>
    <parent ref="ID00264"/>
    <parent ref="ID00385"/>
    <parent ref="ID00016"/>
    <parent ref="ID00137"/>
    <parent ref="ID00258"/>
    <parent ref="ID00379"/>
    <parent ref="ID00499"/>
    <parent ref="ID00014"/>
    <parent ref="ID00135"/>
    <parent ref="ID00256"/>
    <parent ref="ID00377"/>
    <parent ref="ID00018"/>
    <parent ref="ID00139"/>
    <parent ref="ID00493"/>
    <parent ref="ID00250"/>
    <parent ref="ID00371"/>
    <parent ref="ID00491"/>
    <parent ref="ID00497"/>
    <parent ref="ID00012"/>
    <parent ref="ID00133"/>
    <parent ref="ID00254"/>
    <parent ref="ID00375"/>
    <parent ref="ID00495"/>
    <parent ref="ID00010"/>
    <parent ref="ID00131"/>
    <parent ref="ID00252"/>
    <parent ref="ID00373"/>
    <parent ref="ID00082"/>
    <parent ref="ID00080"/>
    <parent ref="ID00401"/>
    <parent ref="ID00405"/>
    <parent ref="ID00403"/>
    <parent ref="ID00086"/>
    <parent ref="ID00084"/>
    <parent ref="ID00088"/>
    <parent ref="ID00070"/>
    <parent ref="ID00191"/>
    <parent ref="ID00074"/>
    <parent ref="ID00195"/>
    <parent ref="ID00072"/>
    <parent ref="ID00193"/>
    <parent ref="ID00078"/>
    <parent ref="ID00199"/>
    <parent ref="ID00076"/>
    <parent ref="ID00197"/>
    <parent ref="ID00060"/>
    <parent ref="ID00181"/>
    <parent ref="ID00064"/>
    <parent ref="ID00185"/>
    <parent ref="ID00062"/>
    <parent ref="ID00183"/>
    <parent ref="ID00068"/>
    <parent ref="ID00189"/>
    <parent ref="ID00066"/>
    <parent ref="ID00187"/>
    <parent ref="ID00290"/>
    <parent ref="ID00058"/>
    <parent ref="ID00179"/>
    <parent ref="ID00052"/>
    <parent ref="ID00173"/>
    <parent ref="ID00294"/>
    <parent ref="ID00050"/>
    <parent ref="ID00171"/>
    <parent ref="ID00292"/>
    <parent ref="ID00056"/>
    <parent ref="ID00177"/>
    <parent ref="ID00298"/>
    <parent ref="ID00054"/>
    <parent ref="ID00175"/>
    <parent ref="ID00296"/>
    <parent ref="ID00203"/>
    <parent ref="ID00324"/>
    <parent ref="ID00445"/>
    <parent ref="ID00201"/>
    <parent ref="ID00322"/>
    <parent ref="ID00443"/>
    <parent ref="ID00207"/>
    <parent ref="ID00328"/>
    <parent ref="ID00449"/>
    <parent ref="ID00205"/>
    <parent ref="ID00326"/>
    <parent ref="ID00447"/>
    <parent ref="ID00320"/>
    <parent ref="ID00441"/>
    <parent ref="ID00308"/>
    <parent ref="ID00429"/>
    <parent ref="ID00314"/>
    <parent ref="ID00435"/>
    <parent ref="ID00312"/>
    <parent ref="ID00433"/>
    <parent ref="ID00318"/>
    <parent ref="ID00439"/>
    <parent ref="ID00316"/>
    <parent ref="ID00437"/>
    <parent ref="ID00310"/>
    <parent ref="ID00431"/>
    <parent ref="ID00419"/>
    <parent ref="ID00302"/>
    <parent ref="ID00423"/>
    <parent ref="ID00300"/>
    <parent ref="ID00421"/>
    <parent ref="ID00306"/>
    <parent ref="ID00427"/>
    <parent ref="ID00304"/>
    <parent ref="ID00425"/>
    <parent ref="ID00092"/>
    <parent ref="ID00090"/>
    <parent ref="ID00409"/>
    <parent ref="ID00407"/>
    <parent ref="ID00413"/>
    <parent ref="ID00411"/>
    <parent ref="ID00417"/>
    <parent ref="ID00415"/>
    <parent ref="ID00096"/>
    <parent ref="ID00094"/>
    <parent ref="ID00098"/>
    <parent ref="ID00006"/>
    <parent ref="ID00127"/>
    <parent ref="ID00248"/>
    <parent ref="ID00369"/>
    <parent ref="ID00489"/>
    <parent ref="ID00004"/>
    <parent ref="ID00125"/>
    <parent ref="ID00246"/>
    <parent ref="ID00367"/>
    <parent ref="ID00487"/>
    <parent ref="ID00008"/>
    <parent ref="ID00129"/>
    <parent ref="ID00240"/>
    <parent ref="ID00361"/>
    <parent ref="ID00481"/>
    <parent ref="ID00123"/>
    <parent ref="ID00244"/>
    <parent ref="ID00365"/>
    <parent ref="ID00485"/>
    <parent ref="ID00121"/>
    <parent ref="ID00242"/>
    <parent ref="ID00363"/>
    <parent ref="ID00483"/>
    <parent ref="ID00479"/>
    <parent ref="ID00115"/>
    <parent ref="ID00236"/>
    <parent ref="ID00357"/>
    <parent ref="ID00477"/>
    <parent ref="ID00113"/>
    <parent ref="ID00234"/>
    <parent ref="ID00355"/>
    <parent ref="ID00119"/>
    <parent ref="ID00117"/>
    <parent ref="ID00238"/>
    <parent ref="ID00359"/>
    <parent ref="ID00471"/>
    <parent ref="ID00475"/>
    <parent ref="ID00232"/>
    <parent ref="ID00353"/>
    <parent ref="ID00110"/>
    <parent ref="ID00473"/>
    <parent ref="ID00230"/>
    <parent ref="ID00351"/>
    <parent ref="ID00226"/>
    <parent ref="ID00104"/>
    <parent ref="ID00346"/>
    <parent ref="ID00467"/>
    <parent ref="ID00102"/>
    <parent ref="ID00223"/>
    <parent ref="ID00344"/>
    <parent ref="ID00465"/>
    <parent ref="ID00108"/>
    <parent ref="ID00228"/>
    <parent ref="ID00106"/>
    <parent ref="ID00348"/>
    <parent ref="ID00469"/>
    <parent ref="ID00100"/>
    <parent ref="ID00221"/>
    <parent ref="ID00342"/>
    <parent ref="ID00463"/>
    <parent ref="ID00340"/>
    <parent ref="ID00461"/>
    <parent ref="ID00209"/>
    <parent ref="ID00215"/>
    <parent ref="ID00336"/>
    <parent ref="ID00457"/>
    <parent ref="ID00213"/>
    <parent ref="ID00334"/>
    <parent ref="ID00455"/>
    <parent ref="ID00219"/>
    <parent ref="ID00217"/>
    <parent ref="ID00338"/>
    <parent ref="ID00459"/>
    <parent ref="ID00211"/>
    <parent ref="ID00332"/>
    <parent ref="ID00453"/>
    <parent ref="ID00330"/>
    <parent ref="ID00451"/>
  </child>
  <child ref="ID00001">
    <parent ref="ID00049"/>
    <parent ref="ID00047"/>
    <parent ref="ID00168"/>
    <parent ref="ID00289"/>
    <parent ref="ID00041"/>
    <parent ref="ID00162"/>
    <parent ref="ID00283"/>
    <parent ref="ID00160"/>
    <parent ref="ID00281"/>
    <parent ref="ID00045"/>
    <parent ref="ID00166"/>
    <parent ref="ID00287"/>
    <parent ref="ID00043"/>
    <parent ref="ID00164"/>
    <parent ref="ID00285"/>
    <parent ref="ID00390"/>
    <parent ref="ID00039"/>
    <parent ref="ID00037"/>
    <parent ref="ID00158"/>
    <parent ref="ID00279"/>
    <parent ref="ID00031"/>
    <parent ref="ID00152"/>
    <parent ref="ID00273"/>
    <parent ref="ID00394"/>
    <parent ref="ID00150"/>
    <parent ref="ID00271"/>
    <parent ref="ID00392"/>
    <parent ref="ID00035"/>
    <parent ref="ID00156"/>
    <parent ref="ID00277"/>
    <parent ref="ID00398"/>
    <parent ref="ID00033"/>
    <parent ref="ID00154"/>
    <parent ref="ID00275"/>
    <parent ref="ID00396"/>
    <parent ref="ID00027"/>
    <parent ref="ID00148"/>
    <parent ref="ID00269"/>
    <parent ref="ID00025"/>
    <parent ref="ID00146"/>
    <parent ref="ID00267"/>
    <parent ref="ID00388"/>
    <parent ref="ID00029"/>
    <parent ref="ID00140"/>
    <parent ref="ID00261"/>
    <parent ref="ID00382"/>
    <parent ref="ID00380"/>
    <parent ref="ID00023"/>
    <parent ref="ID00144"/>
    <parent ref="ID00265"/>
    <parent ref="ID00386"/>
    <parent ref="ID00021"/>
    <parent ref="ID00142"/>
    <parent ref="ID00263"/>
    <parent ref="ID00384"/>
    <parent ref="ID00017"/>
    <parent ref="ID00138"/>
    <parent ref="ID00259"/>
    <parent ref="ID00015"/>
    <parent ref="ID00136"/>
    <parent ref="ID00257"/>
    <parent ref="ID00378"/>
    <parent ref="ID00498"/>
    <parent ref="ID00019"/>
    <parent ref="ID00130"/>
    <parent ref="ID00251"/>
    <parent ref="ID00372"/>
    <parent ref="ID00492"/>
    <parent ref="ID00370"/>
    <parent ref="ID00490"/>
    <parent ref="ID00013"/>
    <parent ref="ID00134"/>
    <parent ref="ID00255"/>
    <parent ref="ID00376"/>
    <parent ref="ID00496"/>
    <parent ref="ID00011"/>
    <parent ref="ID00132"/>
    <parent ref="ID00253"/>
    <parent ref="ID00374"/>
    <parent ref="ID00494"/>
    <parent ref="ID00081"/>
    <parent ref="ID00402"/>
    <parent ref="ID00400"/>
    <parent ref="ID00406"/>
    <parent ref="ID00404"/>
    <parent ref="ID00085"/>
    <parent ref="ID00083"/>
    <parent ref="ID00089"/>
    <parent ref="ID00087"/>
    <parent ref="ID00071"/>
    <parent ref="ID00192"/>
    <parent ref="ID00190"/>
    <parent ref="ID00075"/>
    <parent ref="ID00196"/>
    <parent ref="ID00073"/>
    <parent ref="ID00194"/>
    <parent ref="ID00079"/>
    <parent ref="ID00077"/>
    <parent ref="ID00198"/>
    <parent ref="ID00180"/>
    <parent ref="ID00069"/>
    <parent ref="ID00063"/>
    <parent ref="ID00184"/>
    <parent ref="ID00061"/>
    <parent ref="ID00182"/>
    <parent ref="ID00067"/>
    <parent ref="ID00188"/>
    <parent ref="ID00065"/>
    <parent ref="ID00186"/>
    <parent ref="ID00170"/>
    <parent ref="ID00291"/>
    <parent ref="ID00059"/>
    <parent ref="ID00053"/>
    <parent ref="ID00174"/>
    <parent ref="ID00295"/>
    <parent ref="ID00051"/>
    <parent ref="ID00172"/>
    <parent ref="ID00293"/>
    <parent ref="ID00057"/>
    <parent ref="ID00178"/>
    <parent ref="ID00299"/>
    <parent ref="ID00055"/>
    <parent ref="ID00176"/>
    <parent ref="ID00297"/>
    <parent ref="ID00319"/>
    <parent ref="ID00204"/>
    <parent ref="ID00325"/>
    <parent ref="ID00446"/>
    <parent ref="ID00202"/>
    <parent ref="ID00323"/>
    <parent ref="ID00444"/>
    <parent ref="ID00208"/>
    <parent ref="ID00329"/>
    <parent ref="ID00206"/>
    <parent ref="ID00327"/>
    <parent ref="ID00448"/>
    <parent ref="ID00200"/>
    <parent ref="ID00321"/>
    <parent ref="ID00442"/>
    <parent ref="ID00440"/>
    <parent ref="ID00309"/>
    <parent ref="ID00313"/>
    <parent ref="ID00434"/>
    <parent ref="ID00311"/>
    <parent ref="ID00432"/>
    <parent ref="ID00317"/>
    <parent ref="ID00438"/>
    <parent ref="ID00315"/>
    <parent ref="ID00436"/>
    <parent ref="ID00430"/>
    <parent ref="ID00418"/>
    <parent ref="ID00303"/>
    <parent ref="ID00424"/>
    <parent ref="ID00301"/>
    <parent ref="ID00422"/>
    <parent ref="ID00307"/>
    <parent ref="ID00428"/>
    <parent ref="ID00305"/>
    <parent ref="ID00426"/>
    <parent ref="ID00420"/>
    <parent ref="ID00093"/>
    <parent ref="ID00091"/>
    <parent ref="ID00408"/>
    <parent ref="ID00412"/>
    <parent ref="ID00410"/>
    <parent ref="ID00416"/>
    <parent ref="ID00414"/>
    <parent ref="ID00097"/>
    <parent ref="ID00095"/>
    <parent ref="ID00099"/>
    <parent ref="ID00005"/>
    <parent ref="ID00126"/>
    <parent ref="ID00247"/>
    <parent ref="ID00368"/>
    <parent ref="ID00488"/>
    <parent ref="ID00003"/>
    <parent ref="ID00124"/>
    <parent ref="ID00245"/>
    <parent ref="ID00366"/>
    <parent ref="ID00009"/>
    <parent ref="ID00007"/>
    <parent ref="ID00128"/>
    <parent ref="ID00249"/>
    <parent ref="ID00482"/>
    <parent ref="ID00360"/>
    <parent ref="ID00480"/>
    <parent ref="ID00486"/>
    <parent ref="ID00122"/>
    <parent ref="ID00243"/>
    <parent ref="ID00364"/>
    <parent ref="ID00484"/>
    <parent ref="ID00120"/>
    <parent ref="ID00241"/>
    <parent ref="ID00362"/>
    <parent ref="ID00116"/>
    <parent ref="ID00237"/>
    <parent ref="ID00358"/>
    <parent ref="ID00478"/>
    <parent ref="ID00114"/>
    <parent ref="ID00235"/>
    <parent ref="ID00356"/>
    <parent ref="ID00476"/>
    <parent ref="ID00118"/>
    <parent ref="ID00239"/>
    <parent ref="ID00350"/>
    <parent ref="ID00470"/>
    <parent ref="ID00112"/>
    <parent ref="ID00233"/>
    <parent ref="ID00354"/>
    <parent ref="ID00474"/>
    <parent ref="ID00231"/>
    <parent ref="ID00352"/>
    <parent ref="ID00472"/>
    <parent ref="ID00105"/>
    <parent ref="ID00347"/>
    <parent ref="ID00468"/>
    <parent ref="ID00225"/>
    <parent ref="ID00103"/>
    <parent ref="ID00345"/>
    <parent ref="ID00466"/>
    <parent ref="ID00109"/>
    <parent ref="ID00229"/>
    <parent ref="ID00107"/>
    <parent ref="ID00227"/>
    <parent ref="ID00460"/>
    <parent ref="ID00101"/>
    <parent ref="ID00222"/>
    <parent ref="ID00343"/>
    <parent ref="ID00464"/>
    <parent ref="ID00220"/>
    <parent ref="ID00341"/>
    <parent ref="ID00462"/>
    <parent ref="ID00214"/>
    <parent ref="ID00335"/>
    <parent ref="ID00456"/>
    <parent ref="ID00212"/>
    <parent ref="ID00333"/>
    <parent ref="ID00454"/>
    <parent ref="ID00218"/>
    <parent ref="ID00339"/>
    <parent ref="ID00216"/>
    <parent ref="ID00337"/>
    <parent ref="ID00458"/>
    <parent ref="ID00210"/>
    <parent ref="ID00331"/>
    <parent ref="ID00452"/>
    <parent ref="ID00450"/>
  </child>
  <child ref="ID00003">
    <parent ref="ID00002"/>
  </child>
  <child ref="ID00004">
    <parent ref="ID00003"/>
  </child>
  <child ref="ID00005">
    <parent ref="ID00002"/>
  </child>
  <child ref="ID00006">
    <parent ref="ID00005"/>
  </child>
  <child ref="ID00007">
    <parent ref="ID00002"/>
  </child>
  <child ref="ID00008">
    <parent ref="ID00007"/>
  </child>
  <child ref="ID00009">
    <parent ref="ID00002"/>
  </child>
  <child ref="ID00010">
    <parent ref="ID00009"/>
  </child>
  <child ref="ID00011">
    <parent ref="ID00002"/>
  </child>
  <child ref="ID00012">
    <parent ref="ID00011"/>
  </child>
  <child ref="ID00013">
    <parent ref="ID00002"/>
  </child>
  <child ref="ID00014">
    <parent ref="ID00013"/>
  </child>
  <child ref="ID00015">
    <parent ref="ID00002"/>
  </child>
  <child ref="ID00016">
    <parent ref="ID00015"/>
  </child>
  <child ref="ID00017">
    <parent ref="ID00002"/>
  </child>
  <child ref="ID00018">
    <parent ref="ID00017"/>
  </child>
  <child ref="ID00019">
    <parent ref="ID00002"/>
  </child>
  <child ref="ID00020">
    <parent ref="ID00019"/>
  </child>
  <child ref="ID00021">
    <parent ref="ID00002"/>
  </child>
  <child ref="ID00022">
    <parent ref="ID00021"/>
  </child>
  <child ref="ID00023">
    <parent ref="ID00002"/>
  </child>
  <child ref="ID00024">
    <parent ref="ID00023"/>
  </child>
  <child ref="ID00025">
    <parent ref="ID00002"/>
  </child>
  <child ref="ID00026">
    <parent ref="ID00025"/>
  </child>
  <child ref="ID00027">
    <parent ref="ID00002"/>
  </child>
  <child ref="ID00028">
    <parent ref="ID00027"/>
  </child>
  <child ref="ID00029">
    <parent ref="ID00002"/>
  </child>
  <child ref="ID00030">
    <parent ref="ID00029"/>
  </child>
  <child ref="ID00031">
    <parent ref="ID00002"/>
  </child>
  <child ref="ID00032">
    <parent ref="ID00031"/>
  </child>
  <child ref="ID00033">
    <parent ref="ID00002"/>
  </child>
  <child ref="ID00034">
    <parent ref="ID00033"/>
  </child>
  <child ref="ID00035">
    <parent ref="ID00002"/>
  </child>
  <child ref="ID00036">
    <parent ref="ID00035"/>
  </child>
  <child ref="ID00037">
    <parent ref="ID00002"/>
  </child>
  <child ref="ID00038">
    <parent ref="ID00037"/>
  </child>
  <child ref="ID00039">
    <parent ref="ID00002"/>
  </child>
  <child ref="ID00040">
    <parent ref="ID00039"/>
  </child>
  <child ref="ID00041">
    <parent ref="ID00002"/>
  </child>
  <child ref="ID00042">
    <parent ref="ID00041"/>
  </child>
  <child ref="ID00043">
    <parent ref="ID00002"/>
  </child>
  <child ref="ID00044">
    <parent ref="ID00043"/>
  </child>
  <child ref="ID00045">
    <parent ref="ID00002"/>
  </child>
  <child ref="ID00046">
    <parent ref="ID00045"/>
  </child>
  <child ref="ID00047">
    <parent ref="ID00002"/>
  </child>
  <child ref="ID00048">
    <parent ref="ID00047"/>
  </child>
  <child ref="ID00049">
    <parent ref="ID00002"/>
  </child>
  <child ref="ID00050">
    <parent ref="ID00049"/>
  </child>
  <child ref="ID00051">
    <parent ref="ID00002"/>
  </child>
  <child ref="ID00052">
    <parent ref="ID00051"/>
  </child>
  <child ref="ID00053">
    <parent ref="ID00002"/>
  </child>
  <child ref="ID00054">
    <parent ref="ID00053"/>
  </child>
  <child ref="ID00055">
    <parent ref="ID00002"/>
  </child>
  <child ref="ID00056">
    <parent ref="ID00055"/>
  </child>
  <child ref="ID00057">
    <parent ref="ID00002"/>
  </child>
  <child ref="ID00058">
    <parent ref="ID00057"/>
  </child>
  <child ref="ID00059">
    <parent ref="ID00002"/>
  </child>
  <child ref="ID00060">
    <parent ref="ID00059"/>
  </child>
  <child ref="ID00061">
    <parent ref="ID00002"/>
  </child>
  <child ref="ID00062">
    <parent ref="ID00061"/>
  </child>
  <child ref="ID00063">
    <parent ref="ID00002"/>
  </child>
  <child ref="ID00064">
    <parent ref="ID00063"/>
  </child>
  <child ref="ID00065">
    <parent ref="ID00002"/>
  </child>
  <child ref="ID00066">
    <parent ref="ID00065"/>
  </child>
  <child ref="ID00067">
    <parent ref="ID00002"/>
  </child>
  <child ref="ID00068">
    <parent ref="ID00067"/>
  </child>
  <child ref="ID00069">
    <parent ref="ID00002"/>
  </child>
  <child ref="ID00070">
    <parent ref="ID00069"/>
  </child>
  <child ref="ID00071">
    <parent ref="ID00002"/>
  </child>
  <child ref="ID00072">
    <parent ref="ID00071"/>
  </child>
  <child ref="ID00073">
    <parent ref="ID00002"/>
  </child>
  <child ref="ID00074">
    <parent ref="ID00073"/>
  </child>
  <child ref="ID00075">
    <parent ref="ID00002"/>
  </child>
  <child ref="ID00076">
    <parent ref="ID00075"/>
  </child>
  <child ref="ID00077">
    <parent ref="ID00002"/>
  </child>
  <child ref="ID00078">
    <parent ref="ID00077"/>
  </child>
  <child ref="ID00079">
    <parent ref="ID00002"/>
  </child>
  <child ref="ID00080">
    <parent ref="ID00079"/>
  </child>
  <child ref="ID00081">
    <parent ref="ID00002"/>
  </child>
  <child ref="ID00082">
    <parent ref="ID00081"/>
  </child>
  <child ref="ID00083">
    <parent ref="ID00002"/>
  </child>
  <child ref="ID00084">
    <parent ref="ID00083"/>
  </child>
  <child ref="ID00085">
    <parent ref="ID00002"/>
  </child>
  <child ref="ID00086">
    <parent ref="ID00085"/>
  </child>
  <child ref="ID00087">
    <parent ref="ID00002"/>
  </child>
  <child ref="ID00088">
    <parent ref="ID00087"/>
  </child>
  <child ref="ID00089">
    <parent ref="ID00002"/>
  </child>
  <child ref="ID00090">
    <parent ref="ID00089"/>
  </child>
  <child ref="ID00091">
    <parent ref="ID00002"/>
  </child>
  <child ref="ID00092">
    <parent ref="ID00091"/>
  </child>
  <child ref="ID00093">
    <parent ref="ID00002"/>
  </child>
  <child ref="ID00094">
    <parent ref="ID00093"/>
  </child>
  <child ref="ID00095">
    <parent ref="ID00002"/>
  </child>
  <child ref="ID00096">
    <parent ref="ID00095"/>
  </child>
  <child ref="ID00097">
    <parent ref="ID00002"/>
  </child>
  <child ref="ID00098">
    <parent ref="ID00097"/>
  </child>
  <child ref="ID00099">
    <parent ref="ID00002"/>
  </child>
  <child ref="ID00100">
    <parent ref="ID00099"/>
  </child>
  <child ref="ID00101">
    <parent ref="ID00002"/>
  </child>
  <child ref="ID00102">
    <parent ref="ID00101"/>
  </child>
  <child ref="ID00103">
    <parent ref="ID00002"/>
  </child>
  <child ref="ID00104">
    <parent ref="ID00103"/>
  </child>
  <child ref="ID00105">
    <parent ref="ID00002"/>
  </child>
  <child ref="ID00106">
    <parent ref="ID00105"/>
  </child>
  <child ref="ID00107">
    <parent ref="ID00002"/>
  </child>
  <child ref="ID00108">
    <parent ref="ID00107"/>
  </child>
  <child ref="ID00109">
    <parent ref="ID00002"/>
  </child>
  <child ref="ID00110">
    <parent ref="ID00109"/>
  </child>
  <child ref="ID00112">
    <parent ref="ID00111"/>
  </child>
  <child ref="ID00113">
    <parent ref="ID00112"/>
  </child>
  <child ref="ID00114">
    <parent ref="ID00111"/>
  </child>
  <child ref="ID00115">
    <parent ref="ID00114"/>
  </child>
  <child ref="ID00116">
    <parent ref="ID00111"/>
  </child>
  <child ref="ID00117">
    <parent ref="ID00116"/>
  </child>
  <child ref="ID00118">
    <parent ref="ID00111"/>
  </child>
  <child ref="ID00119">
    <parent ref="ID00118"/>
  </child>
  <child ref="ID00120">
    <parent ref="ID00111"/>
  </child>
  <child ref="ID00121">
    <parent ref="ID00120"/>
  </child>
  <child ref="ID00122">
    <parent ref="ID00111"/>
  </child>
  <child ref="ID00123">
    <parent ref="ID00122"/>
  </child>
  <child ref="ID00124">
    <parent ref="ID00111"/>
  </child>
  <child ref="ID00125">
    <parent ref="ID00124"/>
  </child>
  <child ref="ID00126">
    <parent ref="ID00111"/>
  </child>
  <child ref="ID00127">
    <parent ref="ID00126"/>
  </child>
  <child ref="ID00128">
    <parent ref="ID00111"/>
  </child>
  <child ref="ID00129">
    <parent ref="ID00128"/>
  </child>
  <child ref="ID00130">
    <parent ref="ID00111"/>
  </child>
  <child ref="ID00131">
    <parent ref="ID00130"/>
  </child>
  <child ref="ID00132">
    <parent ref="ID00111"/>
  </child>
  <child ref="ID00133">
    <parent ref="ID00132"/>
  </child>
  <child ref="ID00134">
    <parent ref="ID00111"/>
  </child>
  <child ref="ID00135">
    <parent ref="ID00134"/>
  </child>
  <child ref="ID00136">
    <parent ref="ID00111"/>
  </child>
  <child ref="ID00137">
    <parent ref="ID00136"/>
  </child>
  <child ref="ID00138">
    <parent ref="ID00111"/>
  </child>
  <child ref="ID00139">
    <parent ref="ID00138"/>
  </child>
  <child ref="ID00140">
    <parent ref="ID00111"/>
  </child>
  <child ref="ID00141">
    <parent ref="ID00140"/>
  </child>
  <child ref="ID00142">
    <parent ref="ID00111"/>
  </child>
  <child ref="ID00143">
    <parent ref="ID00142"/>
  </child>
  <child ref="ID00144">
    <parent ref="ID00111"/>
  </child>
  <child ref="ID00145">
    <parent ref="ID00144"/>
  </child>
  <child ref="ID00146">
    <parent ref="ID00111"/>
  </child>
  <child ref="ID00147">
    <parent ref="ID00146"/>
  </child>
  <child ref="ID00148">
    <parent ref="ID00111"/>
  </child>
  <child ref="ID00149">
    <parent ref="ID00148"/>
  </child>
  <child ref="ID00150">
    <parent ref="ID00111"/>
  </child>
  <child ref="ID00151">
    <parent ref="ID00150"/>
  </child>
  <child ref="ID00152">
    <parent ref="ID00111"/>
  </child>
  <child ref="ID00153">
    <parent ref="ID00152"/>
  </child>
  <child ref="ID00154">
    <parent ref="ID00111"/>
  </child>
  <child ref="ID00155">
    <parent ref="ID00154"/>
  </child>
  <child ref="ID00156">
    <parent ref="ID00111"/>
  </child>
  <child ref="ID00157">
    <parent ref="ID00156"/>
  </child>
  <child ref="ID00158">
    <parent ref="ID00111"/>
  </child>
  <child ref="ID00159">
    <parent ref="ID00158"/>
  </child>
  <child ref="ID00160">
    <parent ref="ID00111"/>
  </child>
  <child ref="ID00161">
    <parent ref="ID00160"/>
  </child>
  <child ref="ID00162">
    <parent ref="ID00111"/>
  </child>
  <child ref="ID00163">
    <parent ref="ID00162"/>
  </child>
  <child ref="ID00164">
    <parent ref="ID00111"/>
  </child>
  <child ref="ID00165">
    <parent ref="ID00164"/>
  </child>
  <child ref="ID00166">
    <parent ref="ID00111"/>
  </child>
  <child ref="ID00167">
    <parent ref="ID00166"/>
  </child>
  <child ref="ID00168">
    <parent ref="ID00111"/>
  </child>
  <child ref="ID00169">
    <parent ref="ID00168"/>
  </child>
  <child ref="ID00170">
    <parent ref="ID00111"/>
  </child>
  <child ref="ID00171">
    <parent ref="ID00170"/>
  </child>
  <child ref="ID00172">
    <parent ref="ID00111"/>
  </child>
  <child ref="ID00173">
    <parent ref="ID00172"/>
  </child>
  <child ref="ID00174">
    <parent ref="ID00111"/>
  </child>
  <child ref="ID00175">
    <parent ref="ID00174"/>
  </child>
  <child ref="ID00176">
    <parent ref="ID00111"/>
  </child>
  <child ref="ID00177">
    <parent ref="ID00176"/>
  </child>
  <child ref="ID00178">
    <parent ref="ID00111"/>
  </child>
  <child ref="ID00179">
    <parent ref="ID00178"/>
  </child>
  <child ref="ID00180">
    <parent ref="ID00111"/>
  </child>
  <child ref="ID00181">
    <parent ref="ID00180"/>
  </child>
  <child ref="ID00182">
    <parent ref="ID00111"/>
  </child>
  <child ref="ID00183">
    <parent ref="ID00182"/>
  </child>
  <child ref="ID00184">
    <parent ref="ID00111"/>
  </child>
  <child ref="ID00185">
    <parent ref="ID00184"/>
  </child>
  <child ref="ID00186">
    <parent ref="ID00111"/>
  </child>
  <child ref="ID00187">
    <parent ref="ID00186"/>
  </child>
  <child ref="ID00188">
    <parent ref="ID00111"/>
  </child>
  <child ref="ID00189">
    <parent ref="ID00188"/>
  </child>
  <child ref="ID00190">
    <parent ref="ID00111"/>
  </child>
  <child ref="ID00191">
    <parent ref="ID00190"/>
  </child>
  <child ref="ID00192">
    <parent ref="ID00111"/>
  </child>
  <child ref="ID00193">
    <parent ref="ID00192"/>
  </child>
  <child ref="ID00194">
    <parent ref="ID00111"/>
  </child>
  <child ref="ID00195">
    <parent ref="ID00194"/>
  </child>
  <child ref="ID00196">
    <parent ref="ID00111"/>
  </child>
  <child ref="ID00197">
    <parent ref="ID00196"/>
  </child>
  <child ref="ID00198">
    <parent ref="ID00111"/>
  </child>
  <child ref="ID00199">
    <parent ref="ID00198"/>
  </child>
  <child ref="ID00200">
    <parent ref="ID00111"/>
  </child>
  <child ref="ID00201">
    <parent ref="ID00200"/>
  </child>
  <child ref="ID00202">
    <parent ref="ID00111"/>
  </child>
  <child ref="ID00203">
    <parent ref="ID00202"/>
  </child>
  <child ref="ID00204">
    <parent ref="ID00111"/>
  </child>
  <child ref="ID00205">
    <parent ref="ID00204"/>
  </child>
  <child ref="ID00206">
    <parent ref="ID00111"/>
  </child>
  <child ref="ID00207">
    <parent ref="ID00206"/>
  </child>
  <child ref="ID00208">
    <parent ref="ID00111"/>
  </child>
  <child ref="ID00209">
    <parent ref="ID00208"/>
  </child>
  <child ref="ID00210">
    <parent ref="ID00111"/>
  </child>
  <child ref="ID00211">
    <parent ref="ID00210"/>
  </child>
  <child ref="ID00212">
    <parent ref="ID00111"/>
  </child>
  <child ref="ID00213">
    <parent ref="ID00212"/>
  </child>
  <child ref="ID00214">
    <parent ref="ID00111"/>
  </child>
  <child ref="ID00215">
    <parent ref="ID00214"/>
  </child>
  <child ref="ID00216">
    <parent ref="ID00111"/>
  </child>
  <child ref="ID00217">
    <parent ref="ID00216"/>
  </child>
  <child ref="ID00218">
    <parent ref="ID00111"/>
  </child>
  <child ref="ID00219">
    <parent ref="ID00218"/>
  </child>
  <child ref="ID00220">
    <parent ref="ID00111"/>
  </child>
  <child ref="ID00221">
    <parent ref="ID00220"/>
  </child>
  <child ref="ID00222">
    <parent ref="ID00111"/>
  </child>
  <child ref="ID00223">
    <parent ref="ID00222"/>
  </child>
  <child ref="ID00225">
    <parent ref="ID00224"/>
  </child>
  <child ref="ID00226">
    <parent ref="ID00225"/>
  </child>
  <child ref="ID00227">
    <parent ref="ID00224"/>
  </child>
  <child ref="ID00228">
    <parent ref="ID00227"/>
  </child>
  <child ref="ID00229">
    <parent ref="ID00224"/>
  </child>
  <child ref="ID00230">
    <parent ref="ID00229"/>
  </child>
  <child ref="ID00231">
    <parent ref="ID00224"/>
  </child>
  <child ref="ID00232">
    <parent ref="ID00231"/>
  </child>
  <child ref="ID00233">
    <parent ref="ID00224"/>
  </child>
  <child ref="ID00234">
    <parent ref="ID00233"/>
  </child>
  <child ref="ID00235">
    <parent ref="ID00224"/>
  </child>
  <child ref="ID00236">
    <parent ref="ID00235"/>
  </child>
  <child ref="ID00237">
    <parent ref="ID00224"/>
  </child>
  <child ref="ID00238">
    <parent ref="ID00237"/>
  </child>
  <child ref="ID00239">
    <parent ref="ID00224"/>
  </child>
  <child ref="ID00240">
    <parent ref="ID00239"/>
  </child>
  <child ref="ID00241">
    <parent ref="ID00224"/>
  </child>
  <child ref="ID00242">
    <parent ref="ID00241"/>
  </child>
  <child ref="ID00243">
    <parent ref="ID00224"/>
  </child>
  <child ref="ID00244">
    <parent ref="ID00243"/>
  </child>
  <child ref="ID00245">
    <parent ref="ID00224"/>
  </child>
  <child ref="ID00246">
    <parent ref="ID00245"/>
  </child>
  <child ref="ID00247">
    <parent ref="ID00224"/>
  </child>
  <child ref="ID00248">
    <parent ref="ID00247"/>
  </child>
  <child ref="ID00249">
    <parent ref="ID00224"/>
  </child>
  <child ref="ID00250">
    <parent ref="ID00249"/>
  </child>
  <child ref="ID00251">
    <parent ref="ID00224"/>
  </child>
  <child ref="ID00252">
    <parent ref="ID00251"/>
  </child>
  <child ref="ID00253">
    <parent ref="ID00224"/>
  </child>
  <child ref="ID00254">
    <parent ref="ID00253"/>
  </child>
  <child ref="ID00255">
    <parent ref="ID00224"/>
  </child>
  <child ref="ID00256">
    <parent ref="ID00255"/>
  </child>
  <child ref="ID00257">
    <parent ref="ID00224"/>
  </child>
  <child ref="ID00258">
    <parent ref="ID00257"/>
  </child>
  <child ref="ID00259">
    <parent ref="ID00224"/>
  </child>
  <child ref="ID00260">
    <parent ref="ID00259"/>
  </child>
  <child ref="ID00261">
    <parent ref="ID00224"/>
  </child>
  <child ref="ID00262">
    <parent ref="ID00261"/>
  </child>
  <child ref="ID00263">
    <parent ref="ID00224"/>
  </child>
  <child ref="ID00264">
    <parent ref="ID00263"/>
  </child>
  <child ref="ID00265">
    <parent ref="ID00224"/>
  </child>
  <child ref="ID00266">
    <parent ref="ID00265"/>
  </child>
  <child ref="ID00267">
    <parent ref="ID00224"/>
  </child>
  <child ref="ID00268">
    <parent ref="ID00267"/>
  </child>
  <child ref="ID00269">
    <parent ref="ID00224"/>
  </child>
  <child ref="ID00270">
    <parent ref="ID00269"/>
  </child>
  <child ref="ID00271">
    <parent ref="ID00224"/>
  </child>
  <child ref="ID00272">
    <parent ref="ID00271"/>
  </child>
  <child ref="ID00273">
    <parent ref="ID00224"/>
  </child>
  <child ref="ID00274">
    <parent ref="ID00273"/>
  </child>
  <child ref="ID00275">
    <parent ref="ID00224"/>
  </child>
  <child ref="ID00276">
    <parent ref="ID00275"/>
  </child>
  <child ref="ID00277">
    <parent ref="ID00224"/>
  </child>
  <child ref="ID00278">
    <parent ref="ID00277"/>
  </child>
  <child ref="ID00279">
    <parent ref="ID00224"/>
  </child>
  <child ref="ID00280">
    <parent ref="ID00279"/>
  </child>
  <child ref="ID00281">
    <parent ref="ID00224"/>
  </child>
  <child ref="ID00282">
    <parent ref="ID00281"/>
  </child>
  <child ref="ID00283">
    <parent ref="ID00224"/>
  </child>
  <child ref="ID00284">
    <parent ref="ID00283"/>
  </child>
  <child ref="ID00285">
    <parent ref="ID00224"/>
  </child>
  <child ref="ID00286">
    <parent ref="ID00285"/>
  </child>
  <child ref="ID00287">
    <parent ref="ID00224"/>
  </child>
  <child ref="ID00288">
    <parent ref="ID00287"/>
  </child>
  <child ref="ID00289">
    <parent ref="ID00224"/>
  </child>
  <child ref="ID00290">
    <parent ref="ID00289"/>
  </child>
  <child ref="ID00291">
    <parent ref="ID00224"/>
  </child>
  <child ref="ID00292">
    <parent ref="ID00291"/>
  </child>
  <child ref="ID00293">
    <parent ref="ID00224"/>
  </child>
  <child ref="ID00294">
    <parent ref="ID00293"/>
  </child>
  <child ref="ID00295">
    <parent ref="ID00224"/>
  </child>
  <child ref="ID00296">
    <parent ref="ID00295"/>
  </child>
  <child ref="ID00297">
    <parent ref="ID00224"/>
  </child>
  <child ref="ID00298">
    <parent ref="ID00297"/>
  </child>
  <child ref="ID00299">
    <parent ref="ID00224"/>
  </child>
  <child ref="ID00300">
    <parent ref="ID00299"/>
  </child>
  <child ref="ID00301">
    <parent ref="ID00224"/>
  </child>
  <child ref="ID00302">
    <parent ref="ID00301"/>
  </child>
  <child ref="ID00303">
    <parent ref="ID00224"/>
  </child>
  <child ref="ID00304">
    <parent ref="ID00303"/>
  </child>
  <child ref="ID00305">
    <parent ref="ID00224"/>
  </child>
  <child ref="ID00306">
    <parent ref="ID00305"/>
  </child>
  <child ref="ID00307">
    <parent ref="ID00224"/>
  </child>
  <child ref="ID00308">
    <parent ref="ID00307"/>
  </child>
  <child ref="ID00309">
    <parent ref="ID00224"/>
  </child>
  <child ref="ID00310">
    <parent ref="ID00309"/>
  </child>
  <child ref="ID00311">
    <parent ref="ID00224"/>
  </child>
  <child ref="ID00312">
    <parent ref="ID00311"/>
  </child>
  <child ref="ID00313">
    <parent ref="ID00224"/>
  </child>
  <child ref="ID00314">
    <parent ref="ID00313"/>
  </child>
  <child ref="ID00315">
    <parent ref="ID00224"/>
  </child>
  <child ref="ID00316">
    <parent ref="ID00315"/>
  </child>
  <child ref="ID00317">
    <parent ref="ID00224"/>
  </child>
  <child ref="ID00318">
    <parent ref="ID00317"/>
  </child>
  <child ref="ID00319">
    <parent ref="ID00224"/>
  </child>
  <child ref="ID00320">
    <parent ref="ID00319"/>
  </child>
  <child ref="ID00321">
    <parent ref="ID00224"/>
  </child>
  <child ref="ID00322">
    <parent ref="ID00321"/>
  </child>
  <child ref="ID00323">
    <parent ref="ID00224"/>
  </child>
  <child ref="ID00324">
    <parent ref="ID00323"/>
  </child>
  <child ref="ID00325">
    <parent ref="ID00224"/>
  </child>
  <child ref="ID00326">
    <parent ref="ID00325"/>
  </child>
  <child ref="ID00327">
    <parent ref="ID00224"/>
  </child>
  <child ref="ID00328">
    <parent ref="ID00327"/>
  </child>
  <child ref="ID00329">
    <parent ref="ID00224"/>
  </child>
  <child ref="ID00330">
    <parent ref="ID00329"/>
  </child>
  <child ref="ID00331">
    <parent ref="ID00224"/>
  </child>
  <child ref="ID00332">
    <parent ref="ID00331"/>
  </child>
  <child ref="ID00333">
    <parent ref="ID00224"/>
  </child>
  <child ref="ID00334">
    <parent ref="ID00333"/>
  </child>
  <child ref="ID00335">
    <parent ref="ID00224"/>
  </child>
  <child ref="ID00336">
    <parent ref="ID00335"/>
  </child>
  <child ref="ID00337">
    <parent ref="ID00224"/>
  </child>
  <child ref="ID00338">
    <parent ref="ID00337"/>
  </child>
  <child ref="ID00339">
    <parent ref="ID00224"/>
  </child>
  <child ref="ID00340">
    <parent ref="ID00339"/>
  </child>
  <child ref="ID00341">
    <parent ref="ID00224"/>
  </child>
  <child ref="ID00342">
    <parent ref="ID00341"/>
  </child>
  <child ref="ID00343">
    <parent ref="ID00224"/>
  </child>
  <child ref="ID00344">
    <parent ref="ID00343"/>
  </child>
  <child ref="ID00345">
    <parent ref="ID00224"/>
  </child>
  <child ref="ID00346">
    <parent ref="ID00345"/>
  </child>
  <child ref="ID00347">
    <parent ref="ID00224"/>
  </child>
  <child ref="ID00348">
    <parent ref="ID00347"/>
  </child>
  <child ref="ID00350">
    <parent ref="ID00349"/>
  </child>
  <child ref="ID00351">
    <parent ref="ID00350"/>
  </child>
  <child ref="ID00352">
    <parent ref="ID00349"/>
  </child>
  <child ref="ID00353">
    <parent ref="ID00352"/>
  </child>
  <child ref="ID00354">
    <parent ref="ID00349"/>
  </child>
  <child ref="ID00355">
    <parent ref="ID00354"/>
  </child>
  <child ref="ID00356">
    <parent ref="ID00349"/>
  </child>
  <child ref="ID00357">
    <parent ref="ID00356"/>
  </child>
  <child ref="ID00358">
    <parent ref="ID00349"/>
  </child>
  <child ref="ID00359">
    <parent ref="ID00358"/>
  </child>
  <child ref="ID00360">
    <parent ref="ID00349"/>
  </child>
  <child ref="ID00361">
    <parent ref="ID00360"/>
  </child>
  <child ref="ID00362">
    <parent ref="ID00349"/>
  </child>
  <child ref="ID00363">
    <parent ref="ID00362"/>
  </child>
  <child ref="ID00364">
    <parent ref="ID00349"/>
  </child>
  <child ref="ID00365">
    <parent ref="ID00364"/>
  </child>
  <child ref="ID00366">
    <parent ref="ID00349"/>
  </child>
  <child ref="ID00367">
    <parent ref="ID00366"/>
  </child>
  <child ref="ID00368">
    <parent ref="ID00349"/>
  </child>
  <child ref="ID00369">
    <parent ref="ID00368"/>
  </child>
  <child ref="ID00370">
    <parent ref="ID00349"/>
  </child>
  <child ref="ID00371">
    <parent ref="ID00370"/>
  </child>
  <child ref="ID00372">
    <parent ref="ID00349"/>
  </child>
  <child ref="ID00373">
    <parent ref="ID00372"/>
  </child>
  <child ref="ID00374">
    <parent ref="ID00349"/>
  </child>
  <child ref="ID00375">
    <parent ref="ID00374"/>
  </child>
  <child ref="ID00376">
    <parent ref="ID00349"/>
  </child>
  <child ref="ID00377">
    <parent ref="ID00376"/>
  </child>
  <child ref="ID00378">
    <parent ref="ID00349"/>
  </child>
  <child ref="ID00379">
    <parent ref="ID00378"/>
  </child>
  <child ref="ID00380">
    <parent ref="ID00349"/>
  </child>
  <child ref="ID00381">
    <parent ref="ID00380"/>
  </child>
  <child ref="ID00382">
    <parent ref="ID00349"/>
  </child>
  <child ref="ID00383">
    <parent ref="ID00382"/>
  </child>
  <child ref="ID00384">
    <parent ref="ID00349"/>
  </child>
  <child ref="ID00385">
    <parent ref="ID00384"/>
  </child>
  <child ref="ID00386">
    <parent ref="ID00349"/>
  </child>
  <child ref="ID00387">
    <parent ref="ID00386"/>
  </child>
  <child ref="ID00388">
    <parent ref="ID00349"/>
  </child>
  <child ref="ID00389">
    <parent ref="ID00388"/>
  </child>
  <child ref="ID00390">
    <parent ref="ID00349"/>
  </child>
  <child ref="ID00391">
    <parent ref="ID00390"/>
  </child>
  <child ref="ID00392">
    <parent ref="ID00349"/>
  </child>
  <child ref="ID00393">
    <parent ref="ID00392"/>
  </child>
  <child ref="ID00394">
    <parent ref="ID00349"/>
  </child>
  <child ref="ID00395">
    <parent ref="ID00394"/>
  </child>
  <child ref="ID00396">
    <parent ref="ID00349"/>
  </child>
  <child ref="ID00397">
    <parent ref="ID00396"/>
  </child>
  <child ref="ID00398">
    <parent ref="ID00349"/>
  </child>
  <child ref="ID00399">
    <parent ref="ID00398"/>
  </child>
  <child ref="ID00400">
    <parent ref="ID00349"/>
  </child>
  <child ref="ID00401">
    <parent ref="ID00400"/>
  </child>
  <child ref="ID00402">
    <parent ref="ID00349"/>
  </child>
  <child ref="ID00403">
    <parent ref="ID00402"/>
  </child>
  <child ref="ID00404">
    <parent ref="ID00349"/>
  </child>
  <child ref="ID00405">
    <parent ref="ID00404"/>
  </child>
  <child ref="ID00406">
    <parent ref="ID00349"/>
  </child>
  <child ref="ID00407">
    <parent ref="ID00406"/>
  </child>
  <child ref="ID00408">
    <parent ref="ID00349"/>
  </child>
  <child ref="ID00409">
    <parent ref="ID00408"/>
  </child>
  <child ref="ID00410">
    <parent ref="ID00349"/>
  </child>
  <child ref="ID00411">
    <parent ref="ID00410"/>
  </child>
  <child ref="ID00412">
    <parent ref="ID00349"/>
  </child>
  <child ref="ID00413">
    <parent ref="ID00412"/>
  </child>
  <child ref="ID00414">
    <parent ref="ID00349"/>
  </child>
  <child ref="ID00415">
    <parent ref="ID00414"/>
  </child>
  <child ref="ID00416">
    <parent ref="ID00349"/>
  </child>
  <child ref="ID00417">
    <parent ref="ID00416"/>
  </child>
  <child ref="ID00418">
    <parent ref="ID00349"/>
  </child>
  <child ref="ID00419">
    <parent ref="ID00418"/>
  </child>
  <child ref="ID00420">
    <parent ref="ID00349"/>
  </child>
  <child ref="ID00421">
    <parent ref="ID00420"/>
  </child>
  <child ref="ID00422">
    <parent ref="ID00349"/>
  </child>
  <child ref="ID00423">
    <parent ref="ID00422"/>
  </child>
  <child ref="ID00424">
    <parent ref="ID00349"/>
  </child>
  <child ref="ID00425">
    <parent ref="ID00424"/>
  </child>
  <child ref="ID00426">
    <parent ref="ID00349"/>
  </child>
  <child ref="ID00427">
    <parent ref="ID00426"/>
  </child>
  <child ref="ID00428">
    <parent ref="ID00349"/>
  </child>
  <child ref="ID00429">
    <parent ref="ID00428"/>
  </child>
  <child ref="ID00430">
    <parent ref="ID00349"/>
  </child>
  <child ref="ID00431">
    <parent ref="ID00430"/>
  </child>
  <child ref="ID00432">
    <parent ref="ID00349"/>
  </child>
  <child ref="ID00433">
    <parent ref="ID00432"/>
  </child>
  <child ref="ID00434">
    <parent ref="ID00349"/>
  </child>
  <child ref="ID00435">
    <parent ref="ID00434"/>
  </child>
  <child ref="ID00436">
    <parent ref="ID00349"/>
  </child>
  <child ref="ID00437">
    <parent ref="ID00436"/>
  </child>
  <child ref="ID00438">
    <parent ref="ID00349"/>
  </child>
  <child ref="ID00439">
    <parent ref="ID00438"/>
  </child>
  <child ref="ID00440">
    <parent ref="ID00349"/>
  </child>
  <child ref="ID00441">
    <parent ref="ID00440"/>
  </child>
  <child ref="ID00442">
    <parent ref="ID00349"/>
  </child>
  <child ref="ID00443">
    <parent ref="ID00442"/>
  </child>
  <child ref="ID00444">
    <parent ref="ID00349"/>
  </child>
  <child ref="ID00445">
    <parent ref="ID00444"/>
  </child>
  <child ref="ID00446">
    <parent ref="ID00349"/>
  </child>
  <child ref="ID00447">
    <parent ref="ID00446"/>
  </child>
  <child ref="ID00448">
    <parent ref="ID00349"/>
  </child>
  <child ref="ID00449">
    <parent ref="ID00448"/>
  </child>
  <child ref="ID00450">
    <parent ref="ID00349"/>
  </child>
  <child ref="ID00451">
    <parent ref="ID00450"/>
  </child>
  <child ref="ID00452">
    <parent ref="ID00349"/>
  </child>
  <child ref="ID00453">
    <parent ref="ID00452"/>
  </child>
  <child ref="ID00454">
    <parent ref="ID00349"/>
  </child>
  <child ref="ID00455">
    <parent ref="ID00454"/>
  </child>
  <child ref="ID00456">
    <parent ref="ID00349"/>
  </child>
  <child ref="ID00457">
    <parent ref="ID00456"/>
  </child>
  <child ref="ID00458">
    <parent ref="ID00349"/>
  </child>
  <child ref="ID00459">
    <parent ref="ID00458"/>
  </child>
  <child ref="ID00460">
    <parent ref="ID00349"/>
  </child>
  <child ref="ID00461">
    <parent ref="ID00460"/>
  </child>
  <child ref="ID00462">
    <parent ref="ID00349"/>
  </child>
  <child ref="ID00463">
    <parent ref="ID00462"/>
  </child>
  <child ref="ID00464">
    <parent ref="ID00349"/>
  </child>
  <child ref="ID00465">
    <parent ref="ID00464"/>
  </child>
  <child ref="ID00466">
    <parent ref="ID00349"/>
  </child>
  <child ref="ID00467">
    <parent ref="ID00466"/>
  </child>
  <child ref="ID00468">
    <parent ref="ID00349"/>
  </child>
  <child ref="ID00469">
    <parent ref="ID00468"/>
  </child>
  <child ref="ID00470">
    <parent ref="ID00349"/>
  </child>
  <child ref="ID00471">
    <parent ref="ID00470"/>
  </child>
  <child ref="ID00472">
    <parent ref="ID00349"/>
  </child>
  <child ref="ID00473">
    <parent ref="ID00472"/>
  </child>
  <child ref="ID00474">
    <parent ref="ID00349"/>
  </child>
  <child ref="ID00475">
    <parent ref="ID00474"/>
  </child>
  <child ref="ID00476">
    <parent ref="ID00349"/>
  </child>
  <child ref="ID00477">
    <parent ref="ID00476"/>
  </child>
  <child ref="ID00478">
    <parent ref="ID00349"/>
  </child>
  <child ref="ID00479">
    <parent ref="ID00478"/>
  </child>
  <child ref="ID00480">
    <parent ref="ID00349"/>
  </child>
  <child ref="ID00481">
    <parent ref="ID00480"/>
  </child>
  <child ref="ID00482">
    <parent ref="ID00349"/>
  </child>
  <child ref="ID00483">
    <parent ref="ID00482"/>
  </child>
  <child ref="ID00484">
    <parent ref="ID00349"/>
  </child>
  <child ref="ID00485">
    <parent ref="ID00484"/>
  </child>
  <child ref="ID00486">
    <parent ref="ID00349"/>
  </child>
  <child ref="ID00487">
    <parent ref="ID00486"/>
  </child>
  <child ref="ID00488">
    <parent ref="ID00349"/>
  </child>
  <child ref="ID00489">
    <parent ref="ID00488"/>
  </child>
  <child ref="ID00490">
    <parent ref="ID00349"/>
  </child>
  <child ref="ID00491">
    <parent ref="ID00490"/>
  </child>
  <child ref="ID00492">
    <parent ref="ID00349"/>
  </child>
  <child ref="ID00493">
    <parent ref="ID00492"/>
  </child>
  <child ref="ID00494">
    <parent ref="ID00349"/>
  </child>
  <child ref="ID00495">
    <parent ref="ID00494"/>
  </child>
  <child ref="ID00496">
    <parent ref="ID00349"/>
  </child>
  <child ref="ID00497">
    <parent ref="ID00496"/>
  </child>
  <child ref="ID00498">
    <parent ref="ID00349"/>
  </child>
  <child ref="ID00499">
    <parent ref="ID00498"/>
  </child>
</adag>
