<?xml version="1.0" encoding="UTF-8"?>
<!-- generated: 2018-05-31T22:47:51+08:00 -->
<!-- generated by: personajian [??] -->
<adag xmlns="http://pegasus.isi.edu/schema/DAX" xmlns:xsi="http://www.w3.org/2001/XMLSchema-instance" xsi:schemaLocation="http://pegasus.isi.edu/schema/DAX http://pegasus.isi.edu/schema/dax-2.1.xsd" version="2.1" count="1" index="0" name="test" jobCount="100" fileCount="0" childCount="98">
<!-- part 1: list of all referenced files (may be empty) -->
<!-- part 2: definition of all jobs (at least one) -->
  <job id="ID00000" namespace="CyberShake" name="ZipPSA" version="1.0" runtime="0.28">
  </job>
  <job id="ID00001" namespace="CyberShake" name="ZipSeis" version="1.0" runtime="0.45">
  </job>
  <job id="ID00002" namespace="CyberShake" name="ExtractSGT" version="1.0" runtime="93.27">
  </job>
  <job id="ID00003" namespace="CyberShake" name="SeismogramSynthesis" version="1.0" runtime="31.99">
  </job>
  <job id="ID00004" namespace="CyberShake" name="PeakValCalcOkaya" version="1.0" runtime="1.34">
  </job>
  <job id="ID00005" namespace="CyberShake" name="SeismogramSynthesis" version="1.0" runtime="42.50">
  </job>
  <job id="ID00006" namespace="CyberShake" name="PeakValCalcOkaya" version="1.0" runtime="1.46">
  </job>
  <job id="ID00007" namespace="CyberShake" name="SeismogramSynthesis" version="1.0" runtime="54.68">
  </job>
  <job id="ID00008" namespace="CyberShake" name="PeakValCalcOkaya" version="1.0" runtime="1.22">
  </job>
  <job id="ID00009" namespace="CyberShake" name="SeismogramSynthesis" version="1.0" runtime="54.28">
  </job>
  <job id="ID00010" namespace="CyberShake" name="PeakValCalcOkaya" version="1.0" runtime="1.44">
  </job>
  <job id="ID00011" namespace="CyberShake" name="SeismogramSynthesis" version="1.0" runtime="53.07">
  </job>
  <job id="ID00012" namespace="CyberShake" name="PeakValCalcOkaya" version="1.0" runtime="0.67">
  </job>
  <job id="ID00013" namespace="CyberShake" name="SeismogramSynthesis" version="1.0" runtime="36.57">
  </job>
  <job id="ID00014" namespace="CyberShake" name="PeakValCalcOkaya" version="1.0" runtime="1.53">
  </job>
  <job id="ID00015" namespace="CyberShake" name="SeismogramSynthesis" version="1.0" runtime="43.79">
  </job>
  <job id="ID00016" namespace="CyberShake" name="PeakValCalcOkaya" version="1.0" runtime="0.77">
  </job>
  <job id="ID00017" namespace="CyberShake" name="SeismogramSynthesis" version="1.0" runtime="40.97">
  </job>
  <job id="ID00018" namespace="CyberShake" name="PeakValCalcOkaya" version="1.0" runtime="1.30">
  </job>
  <job id="ID00019" namespace="CyberShake" name="SeismogramSynthesis" version="1.0" runtime="35.59">
  </job>
  <job id="ID00020" namespace="CyberShake" name="PeakValCalcOkaya" version="1.0" runtime="0.67">
  </job>
  <job id="ID00021" namespace="CyberShake" name="SeismogramSynthesis" version="1.0" runtime="61.48">
  </job>
  <job id="ID00022" namespace="CyberShake" name="PeakValCalcOkaya" version="1.0" runtime="0.98">
  </job>
  <job id="ID00023" namespace="CyberShake" name="SeismogramSynthesis" version="1.0" runtime="45.57">
  </job>
  <job id="ID00024" namespace="CyberShake" name="PeakValCalcOkaya" version="1.0" runtime="0.69">
  </job>
  <job id="ID00025" namespace="CyberShake" name="SeismogramSynthesis" version="1.0" runtime="53.13">
  </job>
  <job id="ID00026" namespace="CyberShake" name="PeakValCalcOkaya" version="1.0" runtime="0.73">
  </job>
  <job id="ID00027" namespace="CyberShake" name="SeismogramSynthesis" version="1.0" runtime="64.96">
  </job>
  <job id="ID00028" namespace="CyberShake" name="PeakValCalcOkaya" version="1.0" runtime="0.97">
  </job>
  <job id="ID00029" namespace="CyberShake" name="SeismogramSynthesis" version="1.0" runtime="46.08">
  </job>
  <job id="ID00030" namespace="CyberShake" name="PeakValCalcOkaya" version="1.0" runtime="1.21">
  </job>
  <job id="ID00031" namespace="CyberShake" name="SeismogramSynthesis" version="1.0" runtime="49.16">
  </job>
  <job id="ID00032" namespace="CyberShake" name="PeakValCalcOkaya" version="1.0" runtime="0.99">
  </job>
  <job id="ID00033" namespace="CyberShake" name="SeismogramSynthesis" version="1.0" runtime="61.49">
  </job>
  <job id="ID00034" namespace="CyberShake" name="PeakValCalcOkaya" version="1.0" runtime="1.15">
  </job>
  <job id="ID00035" namespace="CyberShake" name="SeismogramSynthesis" version="1.0" runtime="30.38">
  </job>
  <job id="ID00036" namespace="CyberShake" name="PeakValCalcOkaya" version="1.0" runtime="1.50">
  </job>
  <job id="ID00037" namespace="CyberShake" name="SeismogramSynthesis" version="1.0" runtime="35.45">
  </job>
  <job id="ID00038" namespace="CyberShake" name="PeakValCalcOkaya" version="1.0" runtime="0.77">
  </job>
  <job id="ID00039" namespace="CyberShake" name="SeismogramSynthesis" version="1.0" runtime="46.84">
  </job>
  <job id="ID00040" namespace="CyberShake" name="PeakValCalcOkaya" version="1.0" runtime="0.92">
  </job>
  <job id="ID00041" namespace="CyberShake" name="SeismogramSynthesis" version="1.0" runtime="27.74">
  </job>
  <job id="ID00042" namespace="CyberShake" name="PeakValCalcOkaya" version="1.0" runtime="1.14">
  </job>
  <job id="ID00043" namespace="CyberShake" name="SeismogramSynthesis" version="1.0" runtime="59.71">
  </job>
  <job id="ID00044" namespace="CyberShake" name="PeakValCalcOkaya" version="1.0" runtime="1.19">
  </job>
  <job id="ID00045" namespace="CyberShake" name="SeismogramSynthesis" version="1.0" runtime="34.29">
  </job>
  <job id="ID00046" namespace="CyberShake" name="PeakValCalcOkaya" version="1.0" runtime="0.65">
  </job>
  <job id="ID00047" namespace="CyberShake" name="SeismogramSynthesis" version="1.0" runtime="43.80">
  </job>
  <job id="ID00048" namespace="CyberShake" name="PeakValCalcOkaya" version="1.0" runtime="1.37">
  </job>
  <job id="ID00049" namespace="CyberShake" name="ExtractSGT" version="1.0" runtime="198.28">
  </job>
  <job id="ID00050" namespace="CyberShake" name="SeismogramSynthesis" version="1.0" runtime="49.39">
  </job>
  <job id="ID00051" namespace="CyberShake" name="PeakValCalcOkaya" version="1.0" runtime="0.80">
  </job>
  <job id="ID00052" namespace="CyberShake" name="SeismogramSynthesis" version="1.0" runtime="36.82">
  </job>
  <job id="ID00053" namespace="CyberShake" name="PeakValCalcOkaya" version="1.0" runtime="1.05">
  </job>
  <job id="ID00054" namespace="CyberShake" name="SeismogramSynthesis" version="1.0" runtime="37.33">
  </job>
  <job id="ID00055" namespace="CyberShake" name="PeakValCalcOkaya" version="1.0" runtime="1.38">
  </job>
  <job id="ID00056" namespace="CyberShake" name="SeismogramSynthesis" version="1.0" runtime="31.43">
  </job>
  <job id="ID00057" namespace="CyberShake" name="PeakValCalcOkaya" version="1.0" runtime="1.52">
  </job>
  <job id="ID00058" namespace="CyberShake" name="SeismogramSynthesis" version="1.0" runtime="43.64">
  </job>
  <job id="ID00059" namespace="CyberShake" name="PeakValCalcOkaya" version="1.0" runtime="0.56">
  </job>
  <job id="ID00060" namespace="CyberShake" name="SeismogramSynthesis" version="1.0" runtime="53.27">
  </job>
  <job id="ID00061" namespace="CyberShake" name="PeakValCalcOkaya" version="1.0" runtime="1.14">
  </job>
  <job id="ID00062" namespace="CyberShake" name="SeismogramSynthesis" version="1.0" runtime="25.70">
  </job>
  <job id="ID00063" namespace="CyberShake" name="PeakValCalcOkaya" version="1.0" runtime="0.99">
  </job>
  <job id="ID00064" namespace="CyberShake" name="SeismogramSynthesis" version="1.0" runtime="39.88">
  </job>
  <job id="ID00065" namespace="CyberShake" name="PeakValCalcOkaya" version="1.0" runtime="1.02">
  </job>
  <job id="ID00066" namespace="CyberShake" name="SeismogramSynthesis" version="1.0" runtime="53.71">
  </job>
  <job id="ID00067" namespace="CyberShake" name="PeakValCalcOkaya" version="1.0" runtime="0.61">
  </job>
  <job id="ID00068" namespace="CyberShake" name="SeismogramSynthesis" version="1.0" runtime="47.43">
  </job>
  <job id="ID00069" namespace="CyberShake" name="PeakValCalcOkaya" version="1.0" runtime="1.24">
  </job>
  <job id="ID00070" namespace="CyberShake" name="SeismogramSynthesis" version="1.0" runtime="57.28">
  </job>
  <job id="ID00071" namespace="CyberShake" name="PeakValCalcOkaya" version="1.0" runtime="0.74">
  </job>
  <job id="ID00072" namespace="CyberShake" name="SeismogramSynthesis" version="1.0" runtime="54.87">
  </job>
  <job id="ID00073" namespace="CyberShake" name="PeakValCalcOkaya" version="1.0" runtime="1.46">
  </job>
  <job id="ID00074" namespace="CyberShake" name="SeismogramSynthesis" version="1.0" runtime="51.93">
  </job>
  <job id="ID00075" namespace="CyberShake" name="PeakValCalcOkaya" version="1.0" runtime="0.76">
  </job>
  <job id="ID00076" namespace="CyberShake" name="SeismogramSynthesis" version="1.0" runtime="22.36">
  </job>
  <job id="ID00077" namespace="CyberShake" name="PeakValCalcOkaya" version="1.0" runtime="0.97">
  </job>
  <job id="ID00078" namespace="CyberShake" name="SeismogramSynthesis" version="1.0" runtime="37.90">
  </job>
  <job id="ID00079" namespace="CyberShake" name="PeakValCalcOkaya" version="1.0" runtime="0.98">
  </job>
  <job id="ID00080" namespace="CyberShake" name="SeismogramSynthesis" version="1.0" runtime="38.73">
  </job>
  <job id="ID00081" namespace="CyberShake" name="PeakValCalcOkaya" version="1.0" runtime="1.30">
  </job>
  <job id="ID00082" namespace="CyberShake" name="SeismogramSynthesis" version="1.0" runtime="31.38">
  </job>
  <job id="ID00083" namespace="CyberShake" name="PeakValCalcOkaya" version="1.0" runtime="0.74">
  </job>
  <job id="ID00084" namespace="CyberShake" name="SeismogramSynthesis" version="1.0" runtime="37.86">
  </job>
  <job id="ID00085" namespace="CyberShake" name="PeakValCalcOkaya" version="1.0" runtime="1.07">
  </job>
  <job id="ID00086" namespace="CyberShake" name="SeismogramSynthesis" version="1.0" runtime="54.17">
  </job>
  <job id="ID00087" namespace="CyberShake" name="PeakValCalcOkaya" version="1.0" runtime="1.35">
  </job>
  <job id="ID00088" namespace="CyberShake" name="SeismogramSynthesis" version="1.0" runtime="58.25">
  </job>
  <job id="ID00089" namespace="CyberShake" name="PeakValCalcOkaya" version="1.0" runtime="1.63">
  </job>
  <job id="ID00090" namespace="CyberShake" name="SeismogramSynthesis" version="1.0" runtime="35.10">
  </job>
  <job id="ID00091" namespace="CyberShake" name="PeakValCalcOkaya" version="1.0" runtime="0.74">
  </job>
  <job id="ID00092" namespace="CyberShake" name="SeismogramSynthesis" version="1.0" runtime="62.42">
  </job>
  <job id="ID00093" namespace="CyberShake" name="PeakValCalcOkaya" version="1.0" runtime="1.09">
  </job>
  <job id="ID00094" namespace="CyberShake" name="SeismogramSynthesis" version="1.0" runtime="34.10">
  </job>
  <job id="ID00095" namespace="CyberShake" name="PeakValCalcOkaya" version="1.0" runtime="1.62">
  </job>
  <job id="ID00096" namespace="CyberShake" name="SeismogramSynthesis" version="1.0" runtime="60.60">
  </job>
  <job id="ID00097" namespace="CyberShake" name="PeakValCalcOkaya" version="1.0" runtime="1.39">
  </job>
  <job id="ID00098" namespace="CyberShake" name="SeismogramSynthesis" version="1.0" runtime="51.04">
  </job>
  <job id="ID00099" namespace="CyberShake" name="PeakValCalcOkaya" version="1.0" runtime="0.92">
  </job>
<!-- part 3: list of control-flow dependencies (may be empty) -->
  <child ref="ID00000">
    <parent ref="ID00081"/>
    <parent ref="ID00006"/>
    <parent ref="ID00028"/>
    <parent ref="ID00004"/>
    <parent ref="ID00026"/>
    <parent ref="ID00048"/>
    <parent ref="ID00069"/>
    <parent ref="ID00008"/>
    <parent ref="ID00020"/>
    <parent ref="ID00042"/>
    <parent ref="ID00063"/>
    <parent ref="ID00085"/>
    <parent ref="ID00040"/>
    <parent ref="ID00061"/>
    <parent ref="ID00083"/>
    <parent ref="ID00024"/>
    <parent ref="ID00046"/>
    <parent ref="ID00067"/>
    <parent ref="ID00089"/>
    <parent ref="ID00022"/>
    <parent ref="ID00044"/>
    <parent ref="ID00065"/>
    <parent ref="ID00087"/>
    <parent ref="ID00071"/>
    <parent ref="ID00093"/>
    <parent ref="ID00091"/>
    <parent ref="ID00016"/>
    <parent ref="ID00038"/>
    <parent ref="ID00059"/>
    <parent ref="ID00014"/>
    <parent ref="ID00036"/>
    <parent ref="ID00018"/>
    <parent ref="ID00053"/>
    <parent ref="ID00075"/>
    <parent ref="ID00097"/>
    <parent ref="ID00030"/>
    <parent ref="ID00051"/>
    <parent ref="ID00073"/>
    <parent ref="ID00095"/>
    <parent ref="ID00057"/>
    <parent ref="ID00079"/>
    <parent ref="ID00012"/>
    <parent ref="ID00034"/>
    <parent ref="ID00055"/>
    <parent ref="ID00077"/>
    <parent ref="ID00099"/>
    <parent ref="ID00010"/>
    <parent ref="ID00032"/>
  </child>
  <child ref="ID00001">
    <parent ref="ID00060"/>
    <parent ref="ID00082"/>
    <parent ref="ID00080"/>
    <parent ref="ID00005"/>
    <parent ref="ID00027"/>
    <parent ref="ID00003"/>
    <parent ref="ID00025"/>
    <parent ref="ID00047"/>
    <parent ref="ID00009"/>
    <parent ref="ID00007"/>
    <parent ref="ID00029"/>
    <parent ref="ID00064"/>
    <parent ref="ID00086"/>
    <parent ref="ID00041"/>
    <parent ref="ID00062"/>
    <parent ref="ID00084"/>
    <parent ref="ID00068"/>
    <parent ref="ID00023"/>
    <parent ref="ID00045"/>
    <parent ref="ID00066"/>
    <parent ref="ID00088"/>
    <parent ref="ID00021"/>
    <parent ref="ID00043"/>
    <parent ref="ID00070"/>
    <parent ref="ID00092"/>
    <parent ref="ID00090"/>
    <parent ref="ID00017"/>
    <parent ref="ID00039"/>
    <parent ref="ID00015"/>
    <parent ref="ID00037"/>
    <parent ref="ID00058"/>
    <parent ref="ID00019"/>
    <parent ref="ID00031"/>
    <parent ref="ID00052"/>
    <parent ref="ID00074"/>
    <parent ref="ID00096"/>
    <parent ref="ID00050"/>
    <parent ref="ID00072"/>
    <parent ref="ID00094"/>
    <parent ref="ID00013"/>
    <parent ref="ID00035"/>
    <parent ref="ID00056"/>
    <parent ref="ID00078"/>
    <parent ref="ID00011"/>
    <parent ref="ID00033"/>
    <parent ref="ID00054"/>
    <parent ref="ID00076"/>
    <parent ref="ID00098"/>
  </child>
  <child ref="ID00003">
    <parent ref="ID00002"/>
  </child>
  <child ref="ID00004">
    <parent ref="ID00003"/>
  </child>
  <child ref="ID00005">
    <parent ref="ID00002"/>
  </child>
  <child ref="ID00006">
    <parent ref="ID00005"/>
  </child>
  <child ref="ID00007">
    <parent ref="ID00002"/>
  </child>
  <child ref="ID00008">
    <parent ref="ID00007"/>
  </child>
  <child ref="ID00009">
    <parent ref="ID00002"/>
  </child>
  <child ref="ID00010">
    <parent ref="ID00009"/>
  </child>
  <child ref="ID00011">
    <parent ref="ID00002"/>
  </child>
  <child ref="ID00012">
    <parent ref="ID00011"/>
  </child>
  <child ref="ID00013">
    <parent ref="ID00002"/>
  </child>
  <child ref="ID00014">
    <parent ref="ID00013"/>
  </child>
  <child ref="ID00015">
    <parent ref="ID00002"/>
  </child>
  <child ref="ID00016">
    <parent ref="ID00015"/>
  </child>
  <child ref="ID00017">
    <parent ref="ID00002"/>
  </child>
  <child ref="ID00018">
    <parent ref="ID00017"/>
  </child>
  <child ref="ID00019">
    <parent ref="ID00002"/>
  </child>
  <child ref="ID00020">
    <parent ref="ID00019"/>
  </child>
  <child ref="ID00021">
    <parent ref="ID00002"/>
  </child>
  <child ref="ID00022">
    <parent ref="ID00021"/>
  </child>
  <child ref="ID00023">
    <parent ref="ID00002"/>
  </child>
  <child ref="ID00024">
    <parent ref="ID00023"/>
  </child>
  <child ref="ID00025">
    <parent ref="ID00002"/>
  </child>
  <child ref="ID00026">
    <parent ref="ID00025"/>
  </child>
  <child ref="ID00027">
    <parent ref="ID00002"/>
  </child>
  <child ref="ID00028">
    <parent ref="ID00027"/>
  </child>
  <child ref="ID00029">
    <parent ref="ID00002"/>
  </child>
  <child ref="ID00030">
    <parent ref="ID00029"/>
  </child>
  <child ref="ID00031">
    <parent ref="ID00002"/>
  </child>
  <child ref="ID00032">
    <parent ref="ID00031"/>
  </child>
  <child ref="ID00033">
    <parent ref="ID00002"/>
  </child>
  <child ref="ID00034">
    <parent ref="ID00033"/>
  </child>
  <child ref="ID00035">
    <parent ref="ID00002"/>
  </child>
  <child ref="ID00036">
    <parent ref="ID00035"/>
  </child>
  <child ref="ID00037">
    <parent ref="ID00002"/>
  </child>
  <child ref="ID00038">
    <parent ref="ID00037"/>
  </child>
  <child ref="ID00039">
    <parent ref="ID00002"/>
  </child>
  <child ref="ID00040">
    <parent ref="ID00039"/>
  </child>
  <child ref="ID00041">
    <parent ref="ID00002"/>
  </child>
  <child ref="ID00042">
    <parent ref="ID00041"/>
  </child>
  <child ref="ID00043">
    <parent ref="ID00002"/>
  </child>
  <child ref="ID00044">
    <parent ref="ID00043"/>
  </child>
  <child ref="ID00045">
    <parent ref="ID00002"/>
  </child>
  <child ref="ID00046">
    <parent ref="ID00045"/>
  </child>
  <child ref="ID00047">
    <parent ref="ID00002"/>
  </child>
  <child ref="ID00048">
    <parent ref="ID00047"/>
  </child>
  <child ref="ID00050">
    <parent ref="ID00049"/>
  </child>
  <child ref="ID00051">
    <parent ref="ID00050"/>
  </child>
  <child ref="ID00052">
    <parent ref="ID00049"/>
  </child>
  <child ref="ID00053">
    <parent ref="ID00052"/>
  </child>
  <child ref="ID00054">
    <parent ref="ID00049"/>
  </child>
  <child ref="ID00055">
    <parent ref="ID00054"/>
  </child>
  <child ref="ID00056">
    <parent ref="ID00049"/>
  </child>
  <child ref="ID00057">
    <parent ref="ID00056"/>
  </child>
  <child ref="ID00058">
    <parent ref="ID00049"/>
  </child>
  <child ref="ID00059">
    <parent ref="ID00058"/>
  </child>
  <child ref="ID00060">
    <parent ref="ID00049"/>
  </child>
  <child ref="ID00061">
    <parent ref="ID00060"/>
  </child>
  <child ref="ID00062">
    <parent ref="ID00049"/>
  </child>
  <child ref="ID00063">
    <parent ref="ID00062"/>
  </child>
  <child ref="ID00064">
    <parent ref="ID00049"/>
  </child>
  <child ref="ID00065">
    <parent ref="ID00064"/>
  </child>
  <child ref="ID00066">
    <parent ref="ID00049"/>
  </child>
  <child ref="ID00067">
    <parent ref="ID00066"/>
  </child>
  <child ref="ID00068">
    <parent ref="ID00049"/>
  </child>
  <child ref="ID00069">
    <parent ref="ID00068"/>
  </child>
  <child ref="ID00070">
    <parent ref="ID00049"/>
  </child>
  <child ref="ID00071">
    <parent ref="ID00070"/>
  </child>
  <child ref="ID00072">
    <parent ref="ID00049"/>
  </child>
  <child ref="ID00073">
    <parent ref="ID00072"/>
  </child>
  <child ref="ID00074">
    <parent ref="ID00049"/>
  </child>
  <child ref="ID00075">
    <parent ref="ID00074"/>
  </child>
  <child ref="ID00076">
    <parent ref="ID00049"/>
  </child>
  <child ref="ID00077">
    <parent ref="ID00076"/>
  </child>
  <child ref="ID00078">
    <parent ref="ID00049"/>
  </child>
  <child ref="ID00079">
    <parent ref="ID00078"/>
  </child>
  <child ref="ID00080">
    <parent ref="ID00049"/>
  </child>
  <child ref="ID00081">
    <parent ref="ID00080"/>
  </child>
  <child ref="ID00082">
    <parent ref="ID00049"/>
  </child>
  <child ref="ID00083">
    <parent ref="ID00082"/>
  </child>
  <child ref="ID00084">
    <parent ref="ID00049"/>
  </child>
  <child ref="ID00085">
    <parent ref="ID00084"/>
  </child>
  <child ref="ID00086">
    <parent ref="ID00049"/>
  </child>
  <child ref="ID00087">
    <parent ref="ID00086"/>
  </child>
  <child ref="ID00088">
    <parent ref="ID00049"/>
  </child>
  <child ref="ID00089">
    <parent ref="ID00088"/>
  </child>
  <child ref="ID00090">
    <parent ref="ID00049"/>
  </child>
  <child ref="ID00091">
    <parent ref="ID00090"/>
  </child>
  <child ref="ID00092">
    <parent ref="ID00049"/>
  </child>
  <child ref="ID00093">
    <parent ref="ID00092"/>
  </child>
  <child ref="ID00094">
    <parent ref="ID00049"/>
  </child>
  <child ref="ID00095">
    <parent ref="ID00094"/>
  </child>
  <child ref="ID00096">
    <parent ref="ID00049"/>
  </child>
  <child ref="ID00097">
    <parent ref="ID00096"/>
  </child>
  <child ref="ID00098">
    <parent ref="ID00049"/>
  </child>
  <child ref="ID00099">
    <parent ref="ID00098"/>
  </child>
</adag>
